<?xml version="1.0" encoding="UTF-8"?>

  <params>
    <inparams type="map">
      <inparam>
        <datatype>string</datatype>
        <type>field</type>
        <name>event_info</name>
        <dName>event_info</dName>
        <description>event_data</description>
      </inparam>
      <inparam>
        <datatype>string</datatype>
        <type>field</type>
        <name>true_info</name>
        <dName>true_info</dName>
        <description>true_info</description>
      </inparam>
    </inparams>

    <outparams type="map">
      <outparam>
        <datatype>string</datatype>
        <name>Bot</name>
        <dName>Bot</dName>
        <description>probability of bot</description>
      </outparam>
    </outparams>
  </params>