Time,Desc,Type
1522306536374,AppStatusFront,AppStatus
1522306540254,{"viewSize":"1080-126","viewID":"2131165310","text":"","pressure":"1.0","activity":"cn.tongdun.eventtrack.demo.LoginActivity","viewPath":"[LinearLayout[0], EditText[0]]"},Click
1522306543791,{"viewSize":"1080-126","viewID":"2131165310","text":"","pressure":"1.0","activity":"cn.tongdun.eventtrack.demo.LoginActivity","viewPath":"[LinearLayout[0], EditText[0]]"},Click
1522306546089,{"viewSize":"1080-126","viewID":"2131165310","text":"","pressure":"1.0","activity":"cn.tongdun.eventtrack.demo.LoginActivity","viewPath":"[LinearLayout[0], EditText[0]]"},Click
1522306547871,{"viewSize":"1080-126","viewID":"2131165310","text":"1","pressure":"1.0","activity":"cn.tongdun.eventtrack.demo.LoginActivity","viewPath":"[LinearLayout[0], EditText[0]]","startInputTime":"1522306547870","endInputTime":"1522306547870"},Input
1522306547895,{"viewSize":"1080-126","viewID":"2131165310","text":"12","pressure":"1.0","activity":"cn.tongdun.eventtrack.demo.LoginActivity","viewPath":"[LinearLayout[0], EditText[0]]","startInputTime":"1522306547870","endInputTime":"1522306547894"},Input
1522306547898,{"viewSize":"1080-126","viewID":"2131165310","text":"123","pressure":"1.0","activity":"cn.tongdun.eventtrack.demo.LoginActivity","viewPath":"[LinearLayout[0], EditText[0]]","startInputTime":"1522306547870","endInputTime":"1522306547898"},Input
1522306549816,{"viewSize":"1080-126","viewID":"2131165311","text":"","pressure":"1.0","activity":"cn.tongdun.eventtrack.demo.LoginActivity","viewPath":"[LinearLayout[0], EditText[1]]"},Click
1522306552381,{"viewSize":"1080-126","viewID":"2131165311","text":"","pressure":"1.0","activity":"cn.tongdun.eventtrack.demo.LoginActivity","viewPath":"[LinearLayout[0], EditText[1]]"},Click
1522306554269,{"viewSize":"1080-126","viewID":"2131165311","text":"1","pressure":"1.0","activity":"cn.tongdun.eventtrack.demo.LoginActivity","viewPath":"[LinearLayout[0], EditText[1]]","startInputTime":"1522306554266","endInputTime":"1522306554269"},Input
