Acctime_mean,Acctime_range,Acctime_skew,Acctime_kurt,Accfft_shape_mean,Accfft_shape_std,Accfft_shape_skew,Accfft_shape_kurt,Accfft_var,Accfft_skew,Accfft_kurt,Bot
15.22138899339189,80.25516754747686,-66.99869192108969,10884.118489434697,0.00014387350776280973,0.5049926302811797,-0.5234974147728928,0.9895659649258708,0.016294332571000103,0.020936856800467012,0.09859220348777065,1
14.96174500376541,76.80309322567291,-127.2048821599066,10684.822500968294,0.0001227867098684995,0.44383150381503017,-0.6450997846917543,0.9880604874642739,0.016225163207999826,0.7590796334107586,0.5218892883314767,1
15.39020665642866,68.65710976550552,-40.72037968864386,9084.606762568623,8.57250286069379e-05,0.18897803867632576,-0.9078231016721698,0.9910773511764517,0.010823106736000065,-0.08608117127260156,-0.41629557141546414,1
16.58621805894784,63.0598975891624,-178.5426093465469,8788.277363559351,0.00017545943723861303,1.4767237965551336,1.6270980959087673,0.990858145139129,0.017850252920999954,-0.8139114843303596,1.8409664397825245,1
15.035611178190319,79.29016370142796,-110.68663945665523,11442.397882709112,9.499899266319305e-05,0.39506238173824454,-0.6907257691786439,0.9928242110941452,0.012533516609999906,-0.27997606104904554,-0.06323707877374218,1
15.103775756313524,69.4067149051092,-42.044157500966755,8545.943386197501,0.00012073399482429664,0.6540102218005687,-0.029697685642946947,0.9904469669262259,0.01141561321099982,-0.4777679423589039,-0.589162908025378,1
15.669304025185273,75.47809564310677,-21.287101657293924,10452.851348301507,7.651096784965696e-05,0.6760310871162354,-0.4635853639504668,0.9904082951391129,0.01023996450299991,0.21864457176267027,-0.41370041416015235,1
15.829021684899155,79.63477917334158,-85.37035001123006,11907.350900621826,0.00017118266602075637,1.1012237916645682,0.8903058061385867,0.991233679901984,0.02041194991600026,1.2691341960441782,4.129638226630311,1
15.35897305015417,78.2054151343846,15.858062238114067,11029.177639429005,0.00011214179397258251,0.22193920904792921,-1.0510194134682889,0.9906197748104193,0.016932957232999923,0.5315732168039025,0.6030502593226088,1
15.777605676735927,63.18599924061741,-17.009478351753934,8113.726525585699,0.00022466810652826055,1.2011874204739077,1.1059550029487495,0.9905797558159031,0.023114320124000054,0.5814425762916022,2.2494796848829988,1
14.983740486553899,67.51961283201344,-44.35869023461837,8330.91442441573,3.700354991971786e-05,0.13586137263415513,0.7149136482648606,0.9911064235398224,0.010828827807000008,-0.6337162429552343,1.1020295650236354,1
14.689236622701033,72.1228051714395,27.100616062117517,9567.908364387653,6.210602110610405e-05,0.49965898586636043,-0.6748032418443626,0.9908625254279034,0.011701783655999942,-0.3006850472135927,-0.3812582555289299,1
16.49482886498788,76.20655988889031,-130.66644856063917,10405.387487254944,6.175148284649572e-05,1.3165531433170212,1.302852363783888,0.9906853628665323,0.009028305368000367,-0.02778344791916771,-0.25492492037494197,1
15.393595182116286,71.64232550809186,-171.1395123954042,9505.868704781018,8.277378526793934e-05,1.5566255384654981,2.837423173402981,0.9905206071582097,0.012088606900000132,0.3335444919970806,0.18946994580908472,1
14.440266385942556,83.83598738091199,94.0095625562163,12923.977048425886,0.00012677166225673705,1.1065819604026663,1.3756472676042977,0.9902296991786451,0.016443761863000006,0.18984703553824958,0.11874025802584409,1
14.25875069798841,81.1360351215163,-39.37839517026965,10898.903115994885,6.524883348443369e-05,0.1790730891914189,-0.3645368319801605,0.9914466082927096,0.009870467470999844,-0.02421878090419088,-0.7506798240554682,1
14.407715927157659,82.51522556802284,17.58948244110051,11755.270405709958,0.00010608652591738828,0.03953509452601649,-0.407682027400627,0.9894700432559035,0.016569641844000116,0.020664370148878054,0.1754677073665598,1
14.541845645134483,59.450077555067836,-4.593979778716106,6380.156277754941,0.0001843642734511788,0.25503260870024436,-1.0829696686663535,0.991552877150984,0.01836565392700007,0.3542667265983065,1.7435859364680701,1
14.729254149420807,83.91058260760619,-31.70311052894278,12432.072282330337,8.856154519650423e-05,0.10802175185812163,-1.1332808380019703,0.9913576360352255,0.012676371720000024,0.5144129474389635,-0.26278653510829963,1
15.139546221020627,66.44120282522151,-70.91137855062755,8563.71028907738,6.233887722120973e-05,0.3940678068310148,-0.02369421795256965,0.990877460151016,0.010150023727000246,-0.017985431333860488,-0.4838920549690249,1
16.17788057541035,75.23600059612947,-34.995046568081925,11166.97077536993,0.00015246514859739953,0.3436081022647506,-0.5561879775627991,0.9903983602420806,0.019394658742000304,0.7511231785801029,2.471455380814208,1
15.793653537407382,78.93491526508026,31.615623785511644,11484.404477933524,7.099068034238796e-05,0.7568434181993128,1.6044499709672015,0.9906350933775812,0.009941601381000198,0.0545652755261298,-0.7419031184226199,1
16.02479155351824,81.30717660737875,-66.855725942285,11559.128598020534,0.00010130577353481783,2.253455389895046,7.035548420365471,0.9903224907748387,0.010769335618999731,0.328978826806115,-0.0674214658452299,1
15.059207402529227,83.43499733984757,144.14905986906544,12955.523944392167,0.00011138929803289615,1.2584143716042289,1.5237615284987607,0.9900311884281936,0.010834938088000068,0.322430621878768,-0.01147252095754947,1
16.526283236393663,76.81988929382328,-125.63892821919508,10574.361582651902,7.50847570191494e-05,0.1809275787268334,-0.6754486761863876,0.9907101508031934,0.0148118408279998,0.2788284815953123,1.1149187729381835,1
12.293810347580626,66.85127975440089,170.43504510759146,9439.147820145861,0.00016473254144782322,0.5236905766572667,-1.016116339557816,0.9908704947665,0.02034378566399997,-0.0567376258306006,1.997845330770946,1
15.547179721934636,73.80849692856167,-13.529574233778568,9931.730095855637,0.00010032102683125651,0.4189483401710019,-0.5268368043260026,0.9907939034470321,0.0147142501919999,0.5182574731078896,1.0011540651223902,1
13.962118574236495,91.52288707810607,98.5160414510935,13606.95382995237,7.649778021242483e-05,0.06293945667134855,-0.9378861898874908,0.990187122448919,0.012504036360000192,-0.03195325265381212,0.10297173710476804,1
16.338567592556636,68.29981752207655,-114.71754572408007,9842.097043372893,9.115042182778609e-05,0.3949339187861986,-1.1325751921068947,0.9901727041519514,0.013113867770999876,-0.12704704400332878,0.0032224324028318208,1
15.901715398445388,68.14671211869728,-48.86127272466775,8560.144369310547,5.864154631395444e-05,0.5730761329281666,0.7115128238764474,0.9897874635952094,0.008228946633999978,-0.22797913260525463,-0.6181474188905494,1
14.544736926834481,76.19745207453036,58.984287195494716,10012.80356184667,0.00011492209320057326,0.4962231159099394,-0.10579404499799505,0.9902279930807097,0.014970341206999693,-0.04545069977092022,0.6274155471198042,1
15.11484769990483,67.29022778183179,76.15713505377703,8894.174072041884,0.00022458752002732702,0.6891607488208137,-0.24256561758644724,0.990244324978855,0.017953794032999792,-0.33046938269056575,0.3989738285549289,1
14.903326035946142,71.43007669477197,-22.13893686979187,9146.831169534691,9.85956111694228e-05,0.9089748283289684,1.3973125374253517,0.9908441223773066,0.01388869242199986,0.06224891778653985,0.429901181208312,1
14.978949090132925,74.79982801973401,-102.92299491065845,9367.410897837666,8.457657939640474e-05,1.3804279375673558,2.7982534329308404,0.9903537367343067,0.013776907110000014,0.20039914067639136,-0.04167484906419183,1
17.500572682358808,75.40248780529954,-166.62350415763083,10746.728070470535,7.826798998324008e-05,0.5708399458639274,-0.2785089152232145,0.989836352747016,0.010551145072999923,0.22004687009281865,-0.3904529076576857,1
15.604743345679317,75.23374950850663,-114.89572286521698,10428.990686666302,0.00014847836176105165,1.2993133436157578,1.624626385878062,0.9901049093695322,0.01663380061200015,1.1375579452222337,2.5870081839796293,1
17.224166229086958,59.22133596136844,-245.04300115680527,8677.985061486452,0.00026814679919132166,1.5317294567377429,2.491568293497787,0.9901861581094838,0.020930886594999643,0.9143996309643633,2.549133208227787,1
15.84909528478966,81.83991947053883,-129.48425621501437,12646.524803041186,9.655051963462014e-05,0.9203721226090809,0.7297144709716084,0.9903982544768711,0.01158758199900023,0.030412808658842196,-0.3047873851995826,1
15.937642692313274,86.37316166022165,-125.19664450097426,13056.70621627378,9.808790403375902e-05,0.372487369677559,-0.9529279214709176,0.9884845673935161,0.011348809320999798,-0.050630291706339925,-0.7334895609585756,1
13.85550729752919,64.92054637995987,122.05262957527063,8450.990001635015,0.0001494855936103814,1.0235854108689204,0.7856218776163182,0.9897169508074195,0.013834275391000017,-0.3853547974091361,0.1649691073163142,1
14.660567014482758,77.25273878868911,-50.076906711587064,11108.765473528952,0.0002025079287493309,0.11019438334999607,-1.0660113643489844,0.9890707216101289,0.022393706527000012,0.11405094803009781,1.4484156131118495,1
14.507129166363848,71.6396650971683,44.107059546036005,10450.724663051393,5.39890317038309e-05,0.4953365522977922,0.35666408776028424,0.9902798779649031,0.010908306794000011,-0.5528962845219247,0.4381428368196718,1
14.707994506706633,78.85843447277439,38.17469281298495,10964.502025697982,8.535242060385474e-05,0.29766557272554967,-0.6163679878086774,0.9887305908436939,0.012896949248999645,-0.2671593851064229,-0.49654140210719655,1
15.407079745619527,69.12369637294265,-125.80360250250537,8027.845526372239,0.00013507193712591713,0.6367299582320242,-0.32096014888472,0.9907072345086936,0.015606693523999904,0.3864815201454005,0.7252515471808509,1
18.292019880882634,52.23418107434158,-290.09013965366813,8053.126990887955,0.0011677959954276402,1.414520839560919,1.9931681771356882,0.9914833416999673,0.047731618716999935,0.7598135156075767,4.346632672461588,1
15.224433219794228,71.24594290744018,-72.85800832629904,9289.626154753123,0.00012865501487476107,1.002311402954801,1.0881914792810772,0.9892846407024195,0.013439812837999887,0.3725838666188387,-0.3184005212516374,1
16.719964720649546,69.50593096557772,-254.45665707377893,9686.156252953047,0.0003764791467225623,1.596537678010757,2.5522985079841485,0.9903913526045808,0.022304092710000112,0.08737895707126167,0.6772756011991805,1
15.358198124063769,75.01450720035851,-108.22265780343713,11013.545931466291,7.462049776336042e-05,-0.1732929742715231,-0.8278160770208558,0.988960450121516,0.01107588904100043,-0.27634662612167166,-0.7125364458602181,1
17.019567185248665,75.85059065194892,-239.90299587277363,11569.68352684928,0.00012890327572874993,0.9358422403473811,0.6263066712570153,0.9934108336343548,0.017902344305999796,0.6799816440174649,2.475930180016863,1
14.097411637053863,86.24238424820138,47.30151082719281,12140.519049234821,5.107800393312472e-05,0.7723415807683859,0.7816446082089765,0.9900401579278547,0.011998683219999973,-0.4134681452687906,0.18921281520019884,1
16.055637507043592,65.94649178243479,-104.77761983037374,8386.242128766748,0.00010796340021046492,0.7946729320785426,0.09880912322922963,0.9917828547299196,0.012495883203000102,0.039359288549342356,-0.49086425123768773,1
14.006067023887717,85.59804897273088,93.33885468058077,12590.610172275346,7.309186225494477e-05,0.9686111577966685,0.9213727083706607,0.9898858028041132,0.009014542966999994,-0.3243899810504463,-0.7751447269249092,1
17.14901847638117,71.05184029054779,-268.5933987489581,10689.992288898602,0.0002441746464224019,1.7482607553554745,4.3461927388784245,0.988527828171774,0.018577541675000142,0.3487052793248011,0.6954109625171747,1
18.586803037445158,52.70458501162006,-303.36138904709185,8201.81248609457,0.0023232755680336176,1.9701375422208403,3.140268913944154,0.9926635228100162,0.043425049999999854,0.045416835058794146,0.7273784068868783,1
17.3959858307161,83.56845810752182,-280.6884817709475,12801.49090578632,0.00019295762319816503,1.0546944129947189,0.2101596437104134,0.989436129384274,0.021620280740999864,0.06669339053634617,2.653019946063169,1
15.891360857246555,76.47440965392735,-44.05808013807336,10195.172632382171,0.00019544534344582772,1.450508297310947,2.1035813468816444,0.99275660423779,0.014574311251999927,0.3985224032800733,0.27447794176177576,1
16.721685072503,76.93863799794872,-228.73566448885535,10998.506987774408,0.00019803488775384877,0.7260529490787474,-0.3132132594277106,0.9913778347694032,0.017977665689000055,0.3715167208597691,0.8585908166477725,1
14.169861962112304,71.12924247723615,108.6803300812535,9432.013060464518,5.00320307918924e-05,0.4003141352175086,-0.9389004675370525,0.9925524425649678,0.00969352526599998,0.7313200514636438,1.1166325648646942,1
15.646044530372464,75.59511732860297,-149.73161875715874,11598.849733942108,0.00012271529001859428,0.5055246706695236,-0.47120918302866643,0.9901507990252902,0.012371731521000129,0.09655885543747328,-0.9243464405129873,1
13.722568926145271,62.957816885692516,51.29760409663927,8128.289411623844,0.00025518495290153176,0.6198268825517258,-0.08770361445169295,0.9882948217179838,0.020888514880000097,1.3894289461082592,2.4806588184649647,1
15.636598451256413,77.82074455794778,-67.60449076831796,11432.640496023685,0.00010695583212676591,0.9822023224253201,1.1322058988248953,0.9904668201169193,0.013472938949000146,-0.14411767399321948,0.005608202038117849,1
15.320952783697377,67.3021121378667,-99.84316355352932,8858.176361370688,0.00011742777526166792,0.7005851549465648,0.7952517007716327,0.9901549287785323,0.013206192453000254,0.2670624906395955,-0.38176428377677896,1
14.570397126996253,73.51929277751385,-10.23752135143818,9832.185856235346,9.229058048701463e-05,0.9758466506270275,0.3293813536933783,0.9900762408256776,0.013805812640000026,0.7467564134025745,0.8014576973693934,1
16.301039850903084,77.85486605017087,-135.94254260564455,10949.55792997837,7.275382233690595e-05,0.5921979451293736,0.14769344118470729,0.9909005442745966,0.01440642264899994,0.2925077911274809,1.1611180434425088,1
14.483392903973682,79.67607807602703,-45.812234057573264,10868.761204731576,0.00024864813432650925,0.8117553168360683,-0.3570891943939025,0.9909395624701773,0.02857117927100017,1.2602473331029933,6.191736763250047,1
15.247768322955983,72.77208449049806,-170.87249011158426,9820.736689704358,0.0003433137808392023,1.556566179820471,2.2220106310707353,0.9911234610994681,0.0224885089960003,-0.0241188723306927,0.7114419142876613,1
17.165068328087003,77.78865278956589,-213.5722923478518,11057.245137484946,0.00021441473728903913,0.9511983054584341,0.4885836722785166,0.9905785583760485,0.014989862918999952,-0.016069389321964417,-0.6723590929562873,1
16.0804585788983,91.39393592528928,-64.00237992602601,13962.08468068775,6.937858888821922e-05,1.589395654091836,3.787037766275456,0.9898730241440966,0.009504568646000133,-0.21877647983206117,-0.29861802439547613,1
15.644323294112004,80.04037686092829,0.04078735149159535,11110.246744958224,0.00018711309167546288,0.9755253617313111,0.7896555193871251,0.9899307791336931,0.02001052050099994,0.6773746917132011,2.1856650155189974,1
18.173004716631702,74.10798409756876,-250.59386022293376,11132.566433403332,0.00041527414973176,0.6571836804670756,-0.8844860158365573,0.9897376588296934,0.025103702895999835,-0.38640361297751796,1.8613912174097984,1
14.96357113198419,90.09794827133291,33.9195569293907,13285.692452673584,5.8717920787083584e-05,0.3306764477823832,-0.8994610667175875,0.9902218859844356,0.011122383359999821,0.32692260278807467,-0.0670902891116496,1
16.00098146075325,81.98988260842174,-229.0183199183649,12684.643882184577,9.586288124547122e-05,0.5181054740547762,-0.4849863868213635,0.9908241533330323,0.011819567060999958,0.15133303831716624,-0.04745591816222783,1
15.690800736045796,76.87362692118485,-62.45465671138771,11894.126168544008,0.00014360148567940694,0.8662834544820275,0.843914491010648,0.9895167007503868,0.01523057915599979,-0.20693867100295588,-0.1493226037771378,1
13.86996104585362,93.4343102947451,171.262441321326,15362.864815229914,0.00011460201466936797,1.5553480062386804,1.986805677839504,0.9894685851340321,0.017210958810000343,-1.0031195075279142,3.3814286859767235,1
16.034276727202965,78.82885422952802,-113.52844159435291,11445.179993651222,8.939687236924021e-05,0.5297153757803302,-0.7002974461609734,0.9895772545340322,0.011185904192999918,-0.2296933435178985,-0.3121611453278028,1
14.549771642780202,91.41900052316275,78.07143237221149,13606.583611363034,8.174897368439685e-05,0.30228901918015116,-0.29932760185161067,0.9901813086948067,0.015877236928000138,-0.19736529345191814,0.8728320482696561,1
17.57679396660561,81.11362774219617,-266.6542301776112,11706.418948862154,8.564926946814449e-05,0.8704141302338259,-0.25181590415604704,0.9906920866818066,0.010623752596000235,0.18998084262383502,-0.2218973470602208,1
16.357460723506247,77.12898356717237,-96.6895907464996,11282.719306763009,0.00010505912678286,1.347049729634617,2.6909533533931898,0.9903377908134998,0.014333617865000092,0.07184467235025774,-0.531057056413486,1
15.079987602494796,84.04691266613563,-30.077737540919138,12342.008239139699,8.117047753205613e-05,0.39015849268159597,-0.26662786767011326,0.990421365763629,0.013802153772000114,0.14576073946864107,0.5550398973087818,1
15.855671982282011,70.45703589287376,30.947326446830164,9406.47044200632,0.00010411905285566662,0.6627535827479122,-0.47886501463036346,0.991402700823806,0.015581676289000201,0.20350664616614353,1.8097965611448497,1
15.311079889928402,69.807934353622,-47.27079396440941,9019.420048181833,0.00012938140865130133,0.7787020451529829,-0.2977177920915435,0.9924930779214196,0.013142473324999737,0.3404801922700089,-0.21085357020067486,1
15.943807037117631,90.12446252097776,-126.63602750994468,14253.70187539999,7.81956160346356e-05,-0.10494315008451963,-0.8513270804749045,0.9879523689384678,0.012146688360000102,0.21434642841092072,0.09447336585444743,1
14.42567390419678,76.94764320982699,35.138074360564815,11152.887046712187,0.00012291199902035105,0.7325568142517687,0.5184007221219584,0.9898627531109679,0.021635478390000018,1.3527955573556805,6.2413007967233405,1
16.386653499394615,69.48855025630361,-173.28721986796563,9081.076042815186,0.00010512929826275095,-0.08972227364203908,-0.7405925119689418,0.9905861591812096,0.01312751279299984,0.12795264913733234,-0.11335489942168442,1
14.888091391072958,78.92692040607633,-85.37363108643686,11451.183729452952,8.891480623657043e-05,0.43944634343385974,-0.7445601638488082,0.9902574072491289,0.01007260261499987,-0.2686079307848941,-0.719211004037442,1
14.696943846382819,71.58979570804362,-71.20145392275946,9573.99651740067,5.466460249910422e-05,-0.25750568295817794,-1.3061728899035596,0.9902735820034843,0.012247640884999744,-0.49318333246159735,0.563937281420122,1
16.066771629916044,75.46133449499891,-125.18844237003863,10912.36427700847,9.680607724500977e-05,0.1450836771937968,-0.5071575199534726,0.9896052590750808,0.014173710970999953,-0.2179441590794362,-0.2625329806858403,1
16.21200634201556,90.72870775277059,-167.73243095571289,13610.57697400902,0.00011021543996126597,0.828202739211215,0.41757159917209474,0.9898426140257257,0.014367447633999775,1.127248000205804,2.7676161328925803,1
16.353872064003887,79.13712078175973,-171.63265408645765,11891.815261319462,7.386238328984994e-05,0.0563582255437686,-0.9032305389605537,0.9895640475420645,0.010878981560999978,0.21002092252728424,-0.5263525551705781,1
15.272351618998972,76.1000299357856,4.075335283228194,10593.887985330231,8.827223664329355e-05,0.08558370691249242,-0.8181434856160172,0.9881844308301934,0.01608759458300002,0.5170100869340243,1.5903907586364787,1
16.00528695193916,78.4582226538188,-126.36177307288875,11012.857071296416,3.891498540469815e-05,0.5469927850179126,2.170633028333633,0.9896974351070643,0.00984342128599991,0.04980917307600128,-0.5851126201650056,1
14.216433159509608,66.85030589079425,84.78738556968364,9359.366279371143,0.00010215376299977435,0.51585224078621,-0.6690158516610913,0.9933171669138227,0.010649926056000014,-0.19681304987007592,-0.6902458227282842,1
16.082534097918685,77.80437080373432,-212.4469058872206,10903.045487707299,0.00010503467428155592,0.59441833736675,-0.5562243950577805,0.9871330268833549,0.013355953009000054,-0.33097270122286054,0.2115304817856849,1
13.043024227220947,67.66500224043763,100.00406572828744,8160.975872217314,9.158276341768906e-05,1.2480592771387067,2.2612129198409505,0.9884500066655485,0.011411756513999616,0.36777930579973006,-0.3958705386270238,1
15.984173882758183,80.26185762111513,-151.8230094577868,11834.721211034535,9.540914829804158e-05,0.3708959038630866,-0.6926598168911586,0.9905995443860804,0.010425273810000024,-0.1870079492743111,-0.6411426101115842,1
16.164299408717575,74.3396923951831,-90.21881582579508,10510.215136411516,0.00012134300692104164,0.2959061571740453,-0.5542262851548623,0.9887133016170649,0.018389295201000078,-1.0338716717629908,4.1152907440563276,1
15.297511858951847,75.32803032145438,-34.02390701434884,9928.636864557997,5.350094589063191e-05,0.04560464029803192,-0.6486040792168297,0.9874913027567259,0.01350903905199985,0.06848529834229963,0.41975304880692743,1
15.49536442074212,71.06560336937338,-159.72640121683844,9510.830269057322,6.599880860382561e-05,0.44215597027814874,-0.4293492415599207,0.9877054315983225,0.013153247588000072,0.3458955919587287,0.8811036632727594,1
14.681401877086106,62.635993616269126,18.023797326378265,7807.4574324236755,7.235474207138152e-05,-0.1864531882456743,-1.0728774014950118,0.9911535059599196,0.010116288820999686,0.17112217204981003,-0.24762737501904253,1
15.647740787354422,84.45157520618234,-116.05019206408706,12552.240483890191,9.304842699505194e-05,0.486123304324182,0.17941976210799826,0.9914969184942904,0.013853169919999742,-0.034230058245346084,-0.17122768748523232,1
15.083524604227858,75.02561540268165,4.860442949476529,9584.382470334438,8.45715754235422e-05,1.0490918259830986,0.4565468551639631,0.9904487450722581,0.01168393200700013,0.17874620384896664,0.7434818293448937,1
15.110975313364028,70.70753091960998,-40.655222824426026,9396.842715430548,8.756979451487934e-05,0.8619460853087735,0.9705099849789582,0.9896883140907257,0.012720679244999977,0.259463985007512,-0.011578942676717663,1
18.187480097928805,73.44805797141957,-308.9199678219409,11147.319595046725,0.00021848756115971024,0.4002248380061075,-1.1084602291149772,0.9904887449983227,0.02518769104000007,-0.30002957466272717,2.8772544344489197,1
15.39148795486168,78.97377063705281,8.421600589639318,10941.432219726048,6.34575087905132e-05,-0.2887937441037761,-0.7109559871664413,0.9928592314687743,0.016211891936000034,0.10074849148464673,1.1243534855097406,1
15.560921524675198,76.28666144979972,-29.868133905548902,10368.08678051863,8.103933385515975e-05,0.8277482363068267,0.6025285305688173,0.9912360531493871,0.010822254078999949,-0.507314988915374,-0.050017488831603174,1
14.91632634117538,83.11958877965291,-13.933996700874408,11160.657513751672,0.00011083484781460971,1.5569909314485015,2.2933353426531458,0.988558556851516,0.011295996799999708,0.20374477342148725,-0.47850360037649553,1
14.2194468410934,83.98231874177027,101.0140663396365,11771.695885733394,6.897823384093667e-05,1.6589383774497517,4.279739913146195,0.9877725775235809,0.01259104326699978,0.6730019808147758,0.7639915658659131,1
14.686310311232711,70.19542147903884,-21.05346423485805,9269.531952474048,7.25875170633754e-05,1.3834207605850724,1.823652358444912,0.9911919868325003,0.010903558032000271,0.3286444276699621,0.4166389553662926,1
16.74021065558589,64.8270137335781,-152.82638573551333,8884.910970865723,0.00015886766670462907,0.42370731901219155,-0.1508797646227018,0.9899541866251128,0.018657672124000046,0.5459882881073811,1.037718819596503,1
15.94600104341029,81.17755460714906,8.081496740750666,11120.57909559762,5.653905749076092e-05,0.7188281694717783,0.19247493735125198,0.990111147420435,0.00849503088200021,-0.18863632352469692,-0.839187048979781,1
15.794409354745186,81.48789857230436,-127.41846230887634,11899.918660734484,0.000123787412821657,1.2613692050713774,1.4978804626990998,0.9903183537615319,0.012488546914000143,0.1372475966196539,-0.11764040176193635,1
15.855587870850062,83.6880971712966,-3.0896991822778905,12135.840098047585,9.595400183446246e-05,1.136946127805797,1.393855848570829,0.9898704239822419,0.012230638707999786,-0.6071313482798032,0.4581252075667299,1
17.16151255524667,63.31523382550817,-160.98073503961112,8340.586506341326,0.0002335755889092353,0.8728310535784328,0.675461898150886,0.9901551743266609,0.021096020522000214,0.2563566548828545,0.939250492776821,1
15.61504114762413,67.03610180120212,-145.51559337085422,8754.639853174282,0.00016556987491626426,1.4367635285629357,1.9074533649109862,0.9900135737704838,0.01389511034799995,0.14428394463809702,0.24269712055860593,1
16.629819676210612,60.996429990332636,-138.24785279649564,8520.168567863859,0.0002586188567971565,0.37735448616150813,-0.6196560193644802,0.993400380350758,0.026423979599000225,0.6843517225492846,2.982530786534284,1
14.729602571844875,78.57611479003646,1.8513550432761452,10787.301427393984,5.102774136185567e-05,0.23952921299182892,-0.8210422385222071,0.9909440424550481,0.008026181088999884,0.2662832577566512,-0.8063687190504814,1
16.007229791170623,79.87241531446256,-125.03931294814996,11619.599106895066,9.12266261788849e-05,0.8475972239484026,0.5383514072765769,0.9897444426324837,0.011084510418999938,-0.029980135175530477,-0.7317084706247319,1
16.658407121463515,72.83980709232218,-191.46579283017326,11369.087336393435,0.00027428735255952347,0.8052279575144906,-0.0677199454453512,0.9902017694667093,0.017119868346999967,0.0957359851618075,-0.5344967057257488,1
13.562904460035389,75.37972406340148,-4.77511560620679,9733.884103961225,0.00010054323612745211,0.8740705309086818,0.06701797915050323,0.9904085842448708,0.01214846513299983,-0.11556277963138889,0.27776144353261456,1
13.970805012424364,86.83171197130874,122.45112335069939,13232.751290547538,4.4031739239610504e-05,0.2730082596008547,-0.4735522859834136,0.9907231787196775,0.009868638179000078,-0.16875675704717633,-0.5079521929963091,1
14.582877684277577,88.67998212512578,55.6177661928723,13306.765070702075,0.0001095754235654388,0.9058282969589205,1.50801793336732,0.9904321797342577,0.015199573686999979,-0.1795408910832802,0.07588119244064373,1
13.820121303763152,78.4736974724537,171.9488287888517,11442.507564577494,0.00017429375930119796,0.5313766991696804,-0.2521353910589115,0.990935343325258,0.01837975065600017,1.0297862103080881,1.716290190787658,1
14.826927135204176,80.11879494136124,24.62367857297563,10714.103467714862,9.17476696047816e-05,0.4454028123354802,-0.11208052382408873,0.9861066768099517,0.019537441087000063,-1.4530285036394592,5.732841487954994,1
14.042318457200382,74.77020337530018,107.2373598177256,10615.474928728396,0.00010114423756530534,0.09694420326885096,-0.0918610670805955,0.9928208357577417,0.016389190259999964,0.34800910502804533,0.9478368806251765,1
15.281779980049562,71.06341120759073,-68.4909102937367,9759.238713563038,9.715999861316019e-05,0.6581819839097458,0.5638444911750704,0.9909975983059516,0.01206205948099992,-0.17586842141128742,0.24922800456330263,1
16.22801826919379,64.3695656019834,-169.33677639863282,8941.356200459337,0.00017300462807978226,0.7946174943130998,0.542933778271812,0.9893375372243062,0.015568749305000185,-0.31087668174314936,0.3812036466785562,1
16.760937346247623,73.72045746762173,-258.3624901272067,10649.407145751313,0.0007205005044737186,0.65144699667687,0.17027619577029451,0.9912598770031131,0.05157522503500023,-0.13102580567843072,3.2082297218442597,1
16.150805575275903,67.81396182622333,-105.40012643744785,9016.011785460849,0.00014970949967443736,0.6327709762517287,0.21373908667476815,0.9883518828763548,0.018732651332000083,-0.06984017139707231,0.0775401539689553,1
16.129781321490118,77.35004047636285,-109.07528440949457,10982.653169340423,0.00012793039697937808,0.9800155990084379,0.7862413733868263,0.9926078245607096,0.016822194687999503,0.20485729587427956,0.8926158229994479,1
14.53738523807261,71.93538512808477,48.856168772274586,9006.467674275254,9.878382978469189e-05,1.3983888548928125,1.7825329736402846,0.9906470764948873,0.009993673225,-0.051881308686859785,-0.45918427211081303,1
14.517271663291393,81.44895814924604,59.19864423279648,11016.532888680113,0.0003006444714017612,0.03815213915709844,-0.32570578669813655,0.9909438475145002,0.04207830244199984,1.6321478960935787,7.6060695927883835,1
15.687640767801936,74.1636249606405,-77.3925571584019,9712.208622692027,0.0001919446529159883,0.4182924147815278,-0.5045600931941663,0.9924474646564032,0.026322008296999932,0.8791187828140282,5.186995015381168,1
15.970580437970446,72.37599375409,-28.451254084776334,10069.090256506994,8.625791303972787e-05,1.1508876480085615,0.5007284941613817,0.9897966178937257,0.012485624230000436,-0.4595467136142733,0.3345595962031678,1
15.7303222929186,69.29701492247554,5.140478216441418,9767.15969424934,0.00014116774284214472,0.2323057800479778,-1.075897001192714,0.9902918224334681,0.014314057341000108,-0.07491207201945692,-0.2771759919442327,1
14.504251198237647,75.10382859028793,61.17348733747865,10449.244325188687,7.999802816001199e-05,0.25241782854005557,-1.055183887395589,0.9894798038475163,0.011563567084999948,0.017730379506787252,-0.5060693471261826,1
13.447572480435063,75.54312910387283,96.28712471929437,10556.74219012412,5.578287368479352e-05,0.40580373543452736,-0.20835204196637358,0.9890458740755482,0.010147731727999876,-0.04843293070660019,-0.1742378359453185,1
14.23741565059704,81.70964820967828,52.43049353261936,11810.975629796483,4.562069628257036e-05,-0.23852463236795177,-0.7508625207623352,0.9910887110469517,0.009437561154000074,-0.42746281731542723,0.19159550847719586,1
16.973570057039193,70.97123828914462,-226.47706893535488,9551.579457028043,0.00019696913037544996,0.8893747006844358,0.741106422527436,0.9913131917156125,0.020726224259999926,0.011099473251582403,1.5987558489823583,1
13.913528398602763,80.67621931255121,98.28590513119246,11158.831242727687,7.779562586707495e-05,0.05006325538395574,-1.0756279951666978,0.9924653937007417,0.012542403040000316,-0.5974463358393114,0.8158384275662529,1
14.331071675281683,79.8945612755536,-5.890299833871742,10860.896045650143,6.123525720573508e-05,0.6985497690328153,-0.26372861893664457,0.9938561557693067,0.009851504299000169,-0.4302994970462272,-0.03510133148253036,1
16.507549306949606,74.87262731255814,-133.13300039817176,10738.916838502193,9.450728033457411e-05,2.097394141133513,5.1759869899052635,0.9911584316124838,0.012449436279999948,0.364776963269803,0.04398380191497209,1
15.047000578993757,72.19554708345304,-16.46079697359103,9562.36318681763,6.944134652940351e-05,0.8800723801015131,0.7030553487860001,0.9908504884820646,0.01346526544499993,0.18381613485102521,0.07202318326911339,1
16.044565754068426,82.52526888314269,-109.55516250805746,11368.548794335726,8.04441374209659e-05,0.5248867747264879,-0.3524814132248184,0.99108876674129,0.012659686949000104,0.052495159180710224,0.8227220811954288,1
15.860747982389041,73.63274714020149,-65.2248521601418,10518.869622652697,6.227199514969349e-05,0.5277961801214193,-0.786437513204834,0.9903267397359515,0.010807506817000156,-0.35314798313761364,0.25996523244648584,1
17.502928748170316,81.20698389756456,-235.88687289457863,12914.12378329268,0.00019090571953459253,1.603563242583264,2.9229654923180837,0.9912319715065164,0.015108724752000091,-0.30588594095361404,-0.08706057630700581,1
14.742598866252703,72.04586955070162,49.893622552998494,9827.060924210591,0.00012537347764875127,0.7646893092825514,0.2446186966354973,0.9904858446979357,0.017717053854999998,0.7533725204652565,1.5502439465544584,1
14.320062268570684,86.88284894377185,162.11544946314163,12403.03626037568,9.761146803141515e-05,0.14161471372119408,-1.1509797688957986,0.9906520550565644,0.015448112150999838,-0.35152174955699866,0.2057715536411182,1
14.614725915933347,68.70608566318253,-20.492802894168218,8413.26294664177,0.00010562741604422525,0.3990821491185748,0.45737168792622684,0.9907304170555808,0.019821539979000047,-0.015794769866768456,1.2799371775979576,1
15.573976782379026,55.86847237736354,-134.57529398024252,6673.169175568581,0.0005013108059216139,0.45029065003865365,-0.12790286879308654,0.9910512965969196,0.05560571052800012,1.4351595953000489,12.460191403420025,1
14.492028621791901,82.10220556826842,62.51502924817047,11963.331854919974,9.806839643102692e-05,0.5016547847257012,-0.26597745033259823,0.99034173381179,0.012104188669000093,-0.008650317221978628,-0.27191701920586153,1
16.98820246099162,75.44353049779328,-211.10640106412538,11360.336243940019,0.0002230217191188337,-0.1205756480215018,-0.6060460853418452,0.9904104528624355,0.032412698904000004,-0.6458387275923694,4.764249338452265,1
15.8518095005842,76.20223362621965,-111.58087620011229,11011.181455653677,0.00013336468243420782,1.7300130277317918,5.091961704362308,0.9905536933931939,0.01607292597099974,0.5832139231251688,0.3077814251833355,1
16.299687687197384,62.40030248971018,-61.7060090826901,8127.237311269183,0.0002218426431468762,0.5789721006926962,-0.7316446153976437,0.9905772468493709,0.01699248461099989,-0.18156580538342915,-0.1583748688686808,1
15.47016977683295,88.26678313552529,16.68803311175115,13136.661532252354,0.00016007672605319558,0.3804794390965831,-1.1107938194083944,0.9905429928832261,0.022030204952000032,-0.9104001862898836,3.697090003205045,1
15.28982258807348,77.96562833600173,-74.09345866778229,11138.219795232588,7.920623974750202e-05,0.3546866927221913,0.10615903335194865,0.9912829920935969,0.016232116607999836,0.47989425165669974,2.540374041703679,1
15.098186569728513,72.8532448176374,-107.27320973468578,10032.020308229081,5.1616981214932895e-05,-0.3219446174606066,-0.8174373000959609,0.9866173894317902,0.008898784226000434,0.4067559926189018,-0.256840273792339,1
14.359148312102217,69.61827242190657,25.68683378814374,9538.453603614109,5.227415866484576e-05,-0.1355241525644918,-0.6709477722468855,0.9925165400139029,0.012074163433999918,0.14186599854811394,0.287820668385554,1
14.113197432175582,68.06626732877235,65.21466737343994,8577.569455063907,0.00012683035464176415,0.6551835853965976,1.2454358836880237,0.9920558819770001,0.017489808815000285,1.2173204497902002,2.959917751722585,1
16.172552607129177,71.99224813700992,-40.701769300390765,10349.863404292013,0.00013795405230221266,0.11677928063004836,-0.7884692500989292,0.9914674793051127,0.024076379205000276,-0.32454010995973254,2.209925567379511,1
14.769632294456484,87.46847552076557,-7.148598646178684,12533.175018691009,0.0001315081996025258,0.29385337885541846,-0.7585307520987783,0.9905025754491454,0.013982064719000098,0.2667664363070281,-0.5247162875971729,1
15.621661786741292,79.51700825100176,-40.68280749070267,11188.473596169584,7.988636972832455e-05,0.23232587048264644,-0.7783242704301117,0.9907550943136287,0.01407353341200046,0.5228227487153059,0.20096225151916203,1
14.483239089515253,76.47749120756987,24.677115169571262,10324.455847866942,7.627654383218617e-05,0.3131826779766611,-1.0999629691783774,0.9905472829852255,0.012180804155000002,0.15997319553924536,0.3469284236138819,1
13.88434992975773,78.14870399165227,84.74275050921774,10834.267496066925,0.00016487830234917237,1.0650161581220663,0.7334234468106211,0.9910217304901291,0.01885977969500019,0.6617943232539648,2.4004774032497713,1
17.521892549625772,77.91416893404586,-179.4300049774332,11125.231645575082,0.0006602076137218319,0.34910650498765516,0.08144285530933582,0.9904445263361615,0.08670455834000013,-1.1866611883698457,14.85271806235203,1
18.718913955865517,63.9363296908532,-377.39778415585243,10458.9735253683,0.0005534753489496798,0.4147202603742273,-1.0453587195965044,0.9905973362878708,0.049211489043999856,-0.06441672251948338,9.472186406025413,1
13.94123965369419,79.62769533103737,8.03241883654236,11612.491753858909,0.0002426021269161459,1.1226400155538345,0.7254028414573637,0.9906255989291288,0.01688116458300004,0.11206445469279998,0.3481840194017707,1
13.652671540111106,76.42091170575219,65.39307031094401,10567.267469201453,7.024591022686834e-05,-0.03641452780060864,-0.6530835012406513,0.9909547672690321,0.012365736521000148,0.16872352529478765,0.020118739259360474,1
14.864626335509996,81.93176568641749,46.36686715903022,11634.739924782301,7.301490716198777e-05,-0.3161266842552478,-0.5840874308447934,0.9879109464835807,0.012450105908999975,0.3328572598378683,-0.31327611879638484,1
15.365466626489765,72.58734144464638,-81.61690122411376,10170.913892571629,6.18207754871995e-05,0.7098816020633972,0.1972737714145376,0.9911314430799519,0.010980702209000048,0.12069960919808337,0.03748419257460123,1
14.883125735469413,83.1329334281041,37.96362624775502,12361.82344377557,7.144502941208743e-05,0.6093111393264875,-0.09872072472243554,0.989926048028113,0.010979978860000128,0.14351532392752406,-0.1875646348390756,1
14.999308820724718,85.40431383591634,5.019237427135856,11754.258748883134,9.703101373151618e-05,0.6203674368241748,-0.11091973987669856,0.9905579367459837,0.013959343083000064,-0.17941534951504076,0.36902976472211435,1
14.966783061171732,68.31548988946888,38.462610966334026,8895.146651316078,9.304730649338757e-05,0.07400912210278282,-0.9309496648857318,0.990230251486516,0.016469336235999665,-0.896189902408463,2.7551385680276206,1
15.988248481071702,68.24626791809094,-116.41125365024755,9219.805290680562,8.188084383537206e-05,1.3966118017391813,1.728572900778742,0.9903120539444354,0.0123867303859998,1.3455159858149797,3.150170268544962,1
14.808426154779237,72.86969238935359,-18.995377751280852,9301.959369645769,8.060648554995753e-05,0.644719704080155,0.3686502417788362,0.9910298205994679,0.011289579728999688,-0.23353443944552446,-0.7605415211837885,1
14.717053546239107,68.6801906689612,-18.187426036527807,9154.491505888229,0.00011114759996132399,0.6125891615040628,-0.7696839785264542,0.9909057896418548,0.013266676647999964,0.12180010885221347,-0.1701843317362317,1
16.269380825421344,81.79382591471608,51.320036720028554,11063.302660060639,0.00012759813785719797,0.7205558684508178,-0.28010135662823554,0.9909817055864998,0.019790833372999916,-1.4056984073348227,8.223552950860705,1
15.74906865493429,70.84516126163903,-158.6277044752542,9564.833197867398,7.026921096920376e-05,0.7958867593871746,0.3589567840947696,0.9904987891796294,0.010583143908000081,-0.12826564124801504,-0.42223633728069876,1
15.802247843175039,79.63499670088801,-42.17674956297379,11220.486036231609,8.507945008694328e-05,1.1177513381754245,2.0770350861241793,0.9908304924880482,0.01140137609299996,-0.10524014629222159,0.4963202237950899,1
14.81418421632511,85.60722510145072,-20.63316667675245,12465.268105479387,0.00010080871058720387,1.4848749061616884,2.620890024027741,0.9948672223399194,0.011043910416000169,-0.2725461636954292,-0.6727969805360083,1
14.404686753693952,81.41802327522542,42.75100817739556,12371.812539308832,0.00012543900686380431,0.28606897684788823,-0.42649150029387073,0.9898041581062584,0.020036913449999916,1.5503343412881794,6.855719199004932,1
15.434412451837314,82.51839815341286,-108.28888350551414,12470.375839954486,0.00012787080389819593,0.03493026893570416,-1.0295301636591456,0.9915340747214998,0.01791169424200023,0.8239060355071296,1.8595529560741766,1
15.951303295198537,68.23475365582134,-200.66067147136656,9446.171691855337,0.00014405075713402676,1.1067745432071907,1.0957826030954827,0.9920638295808064,0.019210941207999932,0.38977962319070814,1.8508962687204984,1
15.357206830603818,66.31990922084914,-64.27657575622332,8208.82266103875,0.00011391745071552243,1.2382422037346092,1.7901015668935711,0.9916051252004678,0.012514296080999854,-0.1234469421139574,-0.552435525805083,1
16.345363375326073,83.16209189042851,-191.51944816717148,13221.26394005996,0.0002050664776436763,0.5177156371258422,-0.22034515422712753,0.9937956475412904,0.025271165558999886,-0.9799325434547358,5.055592690223008,1
14.553742937792943,73.0681963431475,40.20105239531607,10142.39020035811,8.69368747350605e-05,0.30129860611226744,-0.3904191799403338,0.9938327668839191,0.01928294437600042,1.0359807752269543,3.875555260350659,1
16.23237762068002,74.61567647628031,-110.6602913298302,9815.71269455331,7.797240854538771e-05,1.4524528263996004,3.0503352438033273,0.991352555487097,0.010822348011000016,0.09642823137717917,0.1409101726675992,1
15.645300194372314,78.32388960889486,-118.18863379153674,10482.589098507025,9.099623083104375e-05,0.4087095491794002,-0.9138229619145104,0.9916325899499839,0.015494434120999934,-0.2975114755901692,1.0517589508117662,1
13.803144450046995,69.26439187460194,108.22220903103492,8781.047478236625,8.864176185274359e-05,0.09275198490292598,-0.5257987371561974,0.991754075170419,0.012519822251000012,0.29711150272764447,-0.12078068138423337,1
15.593116915805679,72.77343704885403,-7.7712103170216364,9759.149858553788,8.939389799106084e-05,0.8476681523287692,0.09961331872176915,0.9899639371136132,0.012700570158999946,-0.06580815314160073,0.7269589122173605,1
17.048880151770376,71.72188184911892,-291.58394850298936,11436.624783194487,0.0003215042755788751,1.4106973060179848,2.874762363704595,0.9905130886381938,0.017445908933999887,0.6349830249913558,0.1512545390788218,1
18.006081539975003,66.95332507112963,-212.42388399655846,9385.043473755057,0.00010476498158217898,0.9173414025482148,0.1560627671814374,0.9912574008653227,0.009093388522000145,0.1785219789549792,-0.7593933780702016,1
14.856507934303819,87.81133693446677,51.382799651790826,13599.342279538532,9.378723110245463e-05,0.6715355344871683,-0.8068530030199534,0.9907911643313869,0.012653441203000049,-0.5627862580341273,0.9506855099553149,1
15.528888664267065,73.43308843344013,-65.44982925549648,9605.006310049337,0.00010415271414955004,1.243897932179162,1.530797160201045,0.9912955593391937,0.009026183433000101,0.07119471849780348,-0.7812780372772861,1
13.994560879546253,85.90696176620382,93.08448989666654,11959.266906677487,5.938736110506334e-05,0.34314944230636957,-0.40549450002218057,0.9910637765317096,0.0096870853200004,0.40800977512252573,0.3684089169556395,1
16.612665669535932,73.17623267291847,-149.9440325010359,9758.172293232961,0.00012788195436091708,0.7256412713485686,-0.21504328937686568,0.9909845612080806,0.01451691482899975,-0.007443836841318735,-0.0994916835646924,1
15.429791662796665,73.57521147754622,-33.80887124118617,10453.992059407243,9.442908637910789e-05,0.7467491302655346,0.03370757702540894,0.9906577701171454,0.012312679682999872,0.2680823163201518,0.13896589679493632,1
15.600557825818255,80.28642592988095,-132.7536559972732,12149.24667207669,8.064706219539192e-05,0.2641183690960339,-1.0619481005309082,0.9902700576997582,0.010984157989999965,-0.1528730828695658,-0.1756844176056802,1
15.423415946750668,69.55378893501812,-18.37653837859855,9967.59913579372,0.00031369420740920553,0.42287470884480705,-0.2811072730672395,0.9913157516766452,0.01948428517199985,-0.21918513976392093,-0.31470558341073396,1
14.953874531152087,78.4516347315769,70.27552488069507,11013.62539172615,0.00010837980163998951,-0.22461235970161522,-1.0253559192633228,0.990913102497226,0.022142035040000008,0.7539144060369863,2.6923400082367626,1
16.035703764952544,69.09710213565369,-101.96976331954671,8925.225043971886,7.107609121954745e-05,0.6635240891387367,1.0819572977637462,0.9908914513306131,0.012545812306999915,-0.19081691061098388,-0.5814329582990156,1
