Timetime_mean,Dwelltime_mean,Flytime_mean,Timetime_range,Dwelltime_range,Flytime_range,Timetime_skew,Dwelltime_skew,Flytime_skew,Timetime_kurt,Dwelltime_kurt,Flytime_kurt,Timefft_shape_mean,Dwellfft_shape_mean,Flyfft_shape_mean,Timefft_shape_std,Dwellfft_shape_std,Flyfft_shape_std,Timefft_shape_skew,Dwellfft_shape_skew,Flyfft_shape_skew,Timefft_shape_kurt,Dwellfft_shape_kurt,Flyfft_shape_kurt,Timefft_var,Dwellfft_var,Flyfft_var,Timefft_skew,Dwellfft_skew,Flyfft_skew,Timefft_kurt,Dwellfft_kurt,Flyfft_kurt,Bot
3.4690351906647456,5.262534986203789,1.6927134676980082,51.23800304967146,100.23014661186005,0.1290002863772576,-0.8712861925293316,321.0,42.0,2.781914999764776,9.67035754930323,3.718335953235521,5.114199523685276,-3.083513152476119,51.12406005343034,24.6620654657068,0.1758404946629639,-1.0612627372511232,107.0,11,0.5318634427760625,0.5520440017838566,8.421301776498337,22.944332499565682,8.18496814810319,1096.7455691570617,9394.47932936747,0.2650334042360339,-0.9569821315590819,99.3076923076923,211.0,-1.0255741016275375,5.053527487706186,1
3.5269726932575622,5.977011243702678,0.21800682311878175,59.03720507180844,64.2451710067682,0.9228146046364317,-0.3134062946969354,321.375,46.0,3.3415302686562796,12.304458560588849,4.238608112601022,5.247931566421394,-4.561345785585048,52.03269581337676,19.946302667646172,0.1374435166883947,-1.2624139648105157,106.82352941176471,8,-0.036126762795499354,-0.6222129605716007,8.498683922743474,23.43856804815084,9.504584266454705,1127.4454610610103,8901.864276263432,0.2714650216927495,-1.1015155102192409,99.38461538461539,213.0,-1.007954166783864,5.164833586604234,1
3.4507532968868295,5.689510745535138,0.7107032296423796,56.87861735475925,177.78973350403834,-0.498661566933412,-1.296764483334306,322.9375,46.0,2.902526732652327,10.103170430438492,4.205590482570454,5.741839762792098,-4.182684465754235,59.11447078122403,43.4667212941206,0.6889717141042258,-0.4050197951038803,107.82352941176471,10,0.6101948497438097,-0.2758146245036177,8.399573741513597,23.154873439987014,10.409175742135554,1111.316491140335,8090.720935668057,0.36556037579633016,-0.8354026809929676,99.7948717948718,207.0,-1.2057306034311293,4.88937101188463,1
3.589759339743231,4.896877436181386,-0.9166622026911095,43.358623029510326,104.05161925635129,-0.10293430267695108,-1.4396941987983185,320.9375,40.0,3.2814534486489486,11.455712201734222,3.39032559967465,4.431343086433715,-0.18462839093763767,39.70430868001828,9.38433196923443,0.0005299661319632496,-0.5814997689899815,106.47058823529412,11,1.797684165459173,5.069714176402931,8.55977088848517,23.858260137809353,9.401578950063339,1173.0831747900586,8503.909279618563,0.4589966765184011,-0.7724953004698838,99.7948717948718,217.0,-0.899262924759676,5.285858848835907,1
2.820219984396039,7.26215855126583,6.596483957187663,83.25695995449837,1614.4242516359388,1.4105569073884359,1.1565344417269499,330.5,53.0,0.9010453389013197,-0.3097201427846854,3.0682248774122853,6.288570607443061,4.072749836668275,64.9159519167017,79.72699075047336,0.9958634992351943,0.6390360495445333,110.52941176470588,24,1.4741461296187317,2.087585258027031,8.387843610834958,23.705728622369005,11.42081730512795,1148.6718962843904,10192.841704542387,0.2560325062261633,-1.0496842911474449,101.87179487179488,216.0,-1.0449476886321885,4.680105171268637,1
3.6758943785123486,5.0085897309031475,2.094778134730226,47.25724017382638,900.8320443738943,0.29531386406010784,-1.166891783466183,327.75,47.0,0.7873244281581809,-0.6695864859251781,3.7764535932187706,6.2486652876322095,-1.7046942195065724,62.45997145796648,214.88308256626811,0.6360696736675251,-0.32858164983130456,110.41176470588235,32,1.6625767047070077,1.8426176219995738,8.097406234303332,22.675355565983338,16.028643788427107,1107.0388637222104,9558.113349728255,0.041636231893962906,-0.984701408160134,101.1025641025641,208.0,-1.1234533370827182,4.437072944490561,1
3.3355080448301013,5.407263177747024,2.470508296945165,55.160377538868225,375.09464466484815,0.09280987664929649,-0.6550266245219802,326.875,42.0,1.9539781246014132,3.16126734666883,3.5327955117765435,6.097567818182283,-0.10448280061377258,58.38680476947445,103.32700735191023,-0.6417700262320155,-1.0230832791012003,110.23529411764706,31,2.946863299465104,9.52097338291514,8.333290087139702,22.435733627029904,11.11653956100742,1077.4794478330741,12620.791276427886,0.14267486347907365,-0.9729665742209446,101.58974358974359,233.0,-0.5418207312324869,5.380892495560247,1
2.9810937167583167,5.716933891337475,4.249605301307299,55.20445453459732,608.4754102831364,1.0838322120429262,-0.020059158447390146,323.125,73.0,2.869741125405026,9.580088325239185,3.3625725681415886,6.055917861504292,1.8195916463451156,59.25311803305788,45.95137402603447,-0.21007545276845022,-0.6805635980558478,107.41176470588235,15,1.1322287022762685,0.8136367330063607,8.788304865658455,21.613487065179363,-5.520499999433497,990.079674431184,9580.470255807186,0.6093706827799008,-0.4363055261503872,101.15384615384616,209.0,-0.8290944601953054,4.467182255546331,1
3.5201544442692843,5.269821059527133,-0.044272749143587226,49.114319860251534,198521.20084780443,-0.07603775797527565,-0.9961337311422942,1283.625,14727.0,3.987753517423357,15.928530661331994,3.4363403596621116,5.22110655570382,0.4814981711194429,48.30097447202121,242.87923172326686,-0.27143738536152245,-1.5586200300623645,139.7058823529412,514,4.10710860866693,16.90452749118266,9.030961935817258,29.861482850319486,-1.1386552063079374,1603.0033247716601,159175.4681729213,-0.14160359273702067,-1.314217165600101,493.0,14779.0,6.230325297237805,38.872370776537615,1
2.7844820597927065,5.062663303424504,2.59571707741077,45.18316852933654,916.3241831965596,0.4861160588431089,-0.8228800200956345,329.25,55.0,1.3099396663953327,0.6914508504204884,3.112467712178804,5.223714569931294,3.0918577038980537,50.86329570205734,123.85847359383702,0.7958802517751985,-0.3137223884879745,110.17647058823529,40,2.979467476619976,10.062857198515767,8.345055643378819,23.005749275040507,4.355614853744282,1035.9570364601252,11242.14578352113,0.24540617095081885,-0.9306611700835403,101.17948717948718,212.0,-1.1058396216091286,4.481117881831474,1
3.7096257623595372,4.5693017011307395,-0.5153825218798305,39.75563220218417,61.918866805283315,-0.0936545811410662,-0.5350524523813553,320.375,41.0,3.4648730563410086,12.931736132033425,2.8827048034933997,5.135805227334066,2.376429376477732,46.95566748336794,6.5432351037459675,1.058267472986623,0.4250937227536382,106.6470588235294,7,1.8531978529774726,5.140597631998157,8.451354839007182,23.811407289234953,10.98402601862158,1170.4859445721577,8377.333926210025,0.37829515977570494,-0.8422721456960733,99.02564102564102,209.0,-1.116487522838009,5.106500125536047,1
3.512926186456798,5.210675454999274,1.0289210142464844,47.54730443223237,43.100185954887245,0.5354460149102872,-0.6163050373424053,322.625,45.0,3.727245791490579,14.496887392792821,4.00974105690636,4.8834252967340195,-2.282562106527008,45.173987544655816,4.426383044324078,0.4525420163969786,-1.1660571816631422,107.05882352941177,6,0.08729726960594086,-0.10637042597110336,8.471805629548363,23.650504341614184,10.548223794111038,1155.7726893878498,8808.759480711065,0.30446045007415373,-0.9622641814743287,99.82051282051282,211.0,-1.0886484891545163,5.114230727569248,1
3.208999932355294,5.1931769663459075,2.151649275866448,48.72357744351082,50.197848373504826,-0.011787137391681836,-1.535597949668804,322.6875,48.0,3.810279224162719,14.91251538328003,3.113472676528862,4.994421756718323,4.176912920180879,48.1455865606483,7.171691816290106,0.5894562573457837,0.27874120820680437,107.0,6,1.2592592592592593,1.7396825396825402,8.494856817742837,23.22920787129945,9.435835007735019,1122.4672557881765,9234.2103159608,0.4257743079862875,-0.8524070177840346,99.84615384615384,209.0,-1.1987113440641144,4.91969546434487,1
3.5299832185270503,5.137842567194898,0.12346638908363967,46.78008283707904,14.270320542027951,1.3929906341591647,1.1837589099627746,320.9375,37.0,3.7577917407471433,14.64783536520045,4.396113594043051,4.019432542259946,-2.4596855918032525,31.965989592572754,12.932566317592574,-0.001203815423343158,-1.5400188622944688,106.6470588235294,6,-0.5932489460087652,-0.15726796280643596,8.459742775065525,23.39022242954995,7.7534394704925536,1126.5022949946542,7975.4526555379225,0.45836536048522847,-0.7267163928404234,99.43589743589743,208.0,-1.1194745576684446,5.025760043103712,1
3.2980267522956495,5.2675456964414,1.4556962094164876,49.443777158152685,71.2629991028079,-0.2574855943634779,-0.9282566278989912,324.0625,73.0,3.7615090590763662,14.629313386558465,3.5492968222692713,5.6293637123604165,1.478470463774886,57.43551836101652,17.7106815343213,-0.11269377820671621,-1.2748846362572575,107.47058823529412,9,0.894145404084406,2.9575724118895272,8.750632581613546,22.700385434034615,4.096923620556247,1087.2574951680015,11018.373257806548,0.2694824413004357,-0.9289622387623249,100.28205128205128,212.0,-1.011190425535311,4.655597836561471,1
2.9089022290869164,4.540373473926844,2.124242405834817,43.90614154373142,679.8508130940361,0.4223784681291295,-1.3872946872673086,329.125,51.0,1.6846084783792397,1.2620188188533987,3.4824211651822097,5.265125808368271,-0.36598945906683555,49.28990284596579,11.198854773846557,-0.25563561831105264,-1.055099402095705,109.94117647058823,44,3.828429097571645,15.28685485362538,8.63259572652831,23.7654119145452,4.592572291402725,1167.2230792082394,9699.313576263545,0.3435601410333376,-0.4276645684799876,101.53846153846153,214.0,-1.053540330465837,4.486781615666403,1
3.242295065952993,4.944925307965117,1.5386261312321994,46.61530900971618,97.87140198109911,0.1263981668403832,-0.8184872181654286,325.1875,51.0,3.412259063505005,12.72335054408962,3.474626028954642,4.382400254461124,-1.1492134133403704,38.55087222753243,26.056368947563158,0.8099704426594256,0.6481012574221596,108.17647058823529,9,0.7459751617005564,0.4199121995325634,8.443152888276519,23.307766187826786,9.477487360863847,1123.4817140516932,9280.785641531185,0.40091739785952296,-0.8034525315518679,100.3076923076923,207.0,-1.2362515526549813,4.959950526185017,1
3.3973769390371493,5.490033311333063,1.5519985753998413,52.88306866665997,34.351234438626534,-0.6274918988922642,-0.9889098156093556,322.625,46.0,3.681425571913385,14.152841961345423,3.883732209831652,4.796577578460006,-4.63625935095425,44.6090970273381,13.30837568436526,0.5608930476834317,-1.0039700284007969,107.11764705882354,8,1.4307428260499935,3.0015624999999777,8.537803104399456,23.47309728106346,7.850996156164716,1131.9334347222457,8540.003636602334,0.3804958139128119,-0.8758740034022128,99.84615384615384,211.0,-1.0814504885007985,5.062997141128011,1
3.3225471767292496,5.51653785762818,0.8538286048673239,54.050489697585306,83.73351516204475,0.6850387485443857,0.30497285774908045,321.875,50.0,3.664560388358541,14.168111128398603,3.723456818678154,8.273103679313339,-3.0969603258989764,88.06010390252271,12.095676556468995,0.4947659111038999,-1.0677146026019906,106.6470588235294,5,-0.39942585748169707,-0.532093253968263,8.56004373903378,22.780603596558617,5.212603679446267,1076.4105612911806,9469.224665400216,0.3888256228430239,-0.8078507948525857,99.8974358974359,207.0,-1.1775624146121668,4.713750569445054,1
3.243886767086761,5.422435123369458,1.2916567009287223,52.6665857387172,105.13684092638752,1.0851553631986566,0.10323593125200192,324.5625,56.0,3.2470259791909184,11.626722132769746,3.627025117781828,5.564296348626916,-1.6184438005638357,55.46117492203452,26.809584947123128,0.311744327646482,-0.7766772763164398,107.82352941176471,17,2.234832158149924,7.324327721951777,8.609322859631193,23.19773198825457,4.354023128068092,1106.4833772904458,9362.031303039728,0.4268002090967218,-0.7503970726296134,100.28205128205128,209.0,-1.1301149162636888,4.878639592137431,1
3.529890547745484,4.615141733722234,-0.08286663593063716,42.15886346019232,57.576508800961925,0.5601116126781793,-1.0662397023805334,322.1875,34.0,3.2402060940368482,11.493059700829587,3.649992748842996,5.32902027190697,1.1475532476292654,45.77334800159731,11.286678855344228,-0.2863349582093734,-1.3626293380193129,107.29411764705883,11,1.954817382756786,6.309160555357769,8.494567602152465,23.30376479309676,5.212610409049765,1113.988728759443,8903.890115625094,0.36185837295947765,-0.8992242650675721,99.82051282051282,216.0,-0.9587670106458999,5.165983754335264,1
3.594248729459007,5.0715508229083,0.5319859280462116,47.30040692344882,46.848525558391906,-0.2017266027815397,-1.0480948331377857,321.4375,38.0,3.246952479121416,11.942142475515126,3.1770268805214155,3.916232970216316,-1.0936082706089356,29.660730967778118,8.768738953937316,0.11334848659037468,0.4672122041549751,106.70588235294117,6,-0.9797414038929969,0.1795633847553737,8.419840969044278,23.815949076472677,10.766042051893516,1166.340701835629,8307.83888654082,0.33214408336824297,-0.8903530479339157,99.41025641025641,211.0,-1.0886802608685564,5.213765676995732,1
3.191525492765499,5.659535477171568,2.811039649016376,54.62511412279254,130.11596136030852,0.7600716919294516,-0.7213516324980316,323.75,55.0,3.479075973447912,13.038110940852178,3.2521838181601623,5.710156308430361,1.3614842947251562,57.68031906537634,17.5909933698947,-0.8941046520574879,-0.28064849008470194,107.58823529411765,10,1.0051619242310788,1.1005212735981869,8.763095320563933,23.38125218072316,3.621438800480553,1127.363393739889,9914.539385720665,0.21365811745486524,-0.8026534544432158,100.48717948717949,233.0,-0.5016938474659597,5.954462745449971,1
3.8905335146223887,5.075678372502181,-1.264233687989819,47.01546123313819,130.67831507077707,-0.43208631880115583,-1.0877580964969902,322.5625,35.0,2.2447009167812744,7.040377489332884,4.23875637643614,5.420472635054804,-6.055344520170967,62.21449331512989,60.795699436094694,0.390079841786314,-1.2847254276768785,108.11764705882354,12,1.2397528496493273,1.1023436792282912,8.447715697760781,23.750013683039302,6.830469268988335,1160.4395674800649,8393.440188022056,0.2646745237446914,-0.8552977024153878,99.66666666666667,210.0,-1.0880487163024264,4.830012819178205,1
2.924630539169479,5.5428561907699105,4.714920801187932,55.84145414080622,165.68506632363747,0.6536183776907081,-0.9567084346422292,323.3125,47.0,3.3389695090340923,11.964483063301348,3.545026642114575,6.397317782119365,0.1315369183430525,60.516956787438815,20.032957690754948,-0.11497680811509216,-0.7427510075071395,107.6470588235294,13,1.7361682983343296,4.197515167578267,8.536062211274036,23.076390266797905,6.943257665141994,1096.4094208083877,9026.449273223529,0.48090631425014185,-0.826953127045233,99.8974358974359,210.0,-1.1257059391998614,4.946731653903382,1
2.910697091051513,5.643011085114007,3.4604270749183264,53.17837362342006,225.4857032967737,0.7576196028881781,0.32236381814602044,321.625,46.0,2.664795424293991,8.513269684665232,3.3412618668784937,5.580476327237094,-0.2860142731132214,49.59742831438414,20.106752752924564,-0.48760947016154105,0.08807666622186083,107.17647058823529,12,1.7900176837485233,4.650377757898385,8.488996494321952,23.16066861865407,10.227708307945946,1111.9244929151155,9979.544514592419,0.39278144636592144,-0.9572108082930866,99.43589743589743,208.0,-1.1674275955634676,4.762201404366471,1
3.5673727248931777,5.70436405995562,-0.8926217120534868,55.34870820750989,60.22623058020528,0.13218293986306112,-1.24193273055257,321.25,56.0,3.765590437855486,14.662755730433208,3.5289697108842324,5.861069468257172,-0.474678743533348,53.54321730039613,3.120763942172099,-0.036502030533176716,-0.19831067286048176,106.3529411764706,7,0.7171263393929271,0.7825505658883931,8.615703894159392,22.836512327543733,4.9999538431345405,1089.7883760719578,9438.875255300489,0.37152539170688975,-0.7843775160358906,99.84615384615384,208.0,-1.128632402109546,4.73733458928187,1
3.3912040727503387,5.696511063331775,0.4435218663318776,54.72221421719655,52.091123210967865,1.2670193393288531,1.04267271670712,322.375,56.0,3.766258302764629,14.687961641965039,2.279244580848814,5.399255229194158,7.956729866788282,63.50822146969783,10.189720694957698,1.738460928135041,1.8193409217397578,106.82352941176471,4,-0.12812013901358452,-0.6715668038548404,8.581688407537216,22.842111545753287,4.2144549714702135,1082.6782272867385,9317.60736038615,0.32079637284251367,-0.8671367683258118,99.87179487179488,207.0,-1.1755260246591797,4.830231632193109,1
2.117990144123383,3.0913004261152435,3.033391094600898,22.986707901629426,154453.51513172564,-0.1969552418409634,-1.3759540082439667,398.3125,615.0,2.4885326219221597,4.914703722534932,3.326157936957931,5.204636284894555,1.1658033257947176,48.19758389523446,1760.1030632147194,-0.1056076544712397,-1.4564117748882803,143.05882352941177,546,4.036255669597915,16.45765084469513,9.001363017370908,29.99168256681313,-0.0729347040416029,1613.3381477828916,178492.78711858616,-0.150700639503983,-1.1569591717651222,8806.589743589744,339090.0,6.2449672297174965,38.99973699197163,1
3.3751443489549646,5.685338785686064,0.5531694043306388,56.42351541110459,260.5542316829319,0.21376025710944713,-1.2364904187278323,322.875,50.0,2.81477298369643,8.90669932810981,3.502471208733557,5.4680893252833345,-2.5574726309882343,51.61314601695552,18.59821303432962,0.20397557708379355,-1.2709875758790128,107.76470588235294,13,1.0510793827745262,1.844618444871275,8.575283322508811,22.938574631273234,2.60986901306041,1088.537644055379,10406.436348594756,0.32170615773653705,-0.912365872048722,99.84615384615384,210.0,-1.1141876983019632,4.645498753674745,1
3.162091002249833,5.415564153594939,0.7074919725865273,51.97843872777145,496.20225124445477,1.1976274500178814,0.4870422183097869,328.5,79.0,2.9450732331266845,10.141349633628096,3.3879318713582123,5.921277786448571,-0.08705883733488808,59.52497812600597,88.93400347216154,0.48675302568318757,-0.3527608908061768,109.41176470588235,12,0.028128585604065726,-1.3781570947520811,8.837444903877227,21.99709559935704,0.2241894129679091,1015.8273648384467,11606.214488245327,0.35744542087023745,-1.039793537993534,101.53846153846153,212.0,-1.0109499478199904,4.460297108160423,1
3.2482668781995554,3.68036319923481,0.6683372835533888,26.14362205901025,868.1067681612377,0.22346418607181495,-1.1832901026435487,329.5,58.0,2.2224874636546876,4.992596520059357,3.9244944073049437,4.576034525455657,-2.706598833944539,44.439850955521855,48.04809088926078,1.1295441840404883,0.5324701150693052,109.76470588235294,15,1.2713143892711836,0.4970105002560472,8.455115367248672,24.051054200367194,4.2424085373317135,1165.9448450668083,10123.51433595423,0.3404456780616955,-0.5156710245041767,101.53846153846153,214.0,-1.0678066254918233,4.4780460799786574,1
3.361374133782282,5.414014480223546,1.8124750945436585,50.994499814801564,356.051193948878,-0.10982881278096134,-0.14682895405257712,328.5,63.0,2.5818146484012754,7.792896612730321,3.2992993063791145,4.293520538305862,0.1562627118303399,37.16808216602458,37.877668465612956,0.17405732697848073,-0.8387175493155934,109.58823529411765,22,1.7503593462747709,4.767376055206098,8.585417309473193,23.01842501671748,2.3631282297232157,1088.7991551105395,9271.413240343694,0.39926570869509487,-0.8380586054906525,101.41025641025641,213.0,-1.0396191132997519,4.734874538296082,1
3.509835992686409,4.674268231271402,0.4053933496803053,43.4477118477404,153.30225645817046,1.5269950183836913,1.1677630222843831,321.5,53.0,3.4567116614210227,12.939964490055399,3.6482754549567424,3.818139529337797,0.39097813528150854,28.715661162717353,27.463442849570214,0.6512146197836827,-0.8224928894846486,106.76470588235294,8,1.3500141181443357,1.7738445055667982,8.601352479749627,23.1148044250018,5.526078477999809,1120.1372945685482,9639.222329821923,0.33802859193854545,-0.7111851798282425,99.84615384615384,213.0,-1.013231923428726,4.913708637843759,1
3.5024823617360172,5.939396600550973,-1.9018224935492096,58.53768139654541,126.35196092207536,-0.408372969163925,0.03177547591942442,320.9375,41.0,2.564062363101401,8.224176522064361,3.2658902981263265,5.19627416872517,2.9292041439220258,49.042926202679155,12.419526842450907,0.47594629933183047,-0.23831399237275308,106.88235294117646,12,1.0242505732281657,3.6880698414819952,8.474900263038371,22.98701119592308,5.399562148112565,1090.3063599157374,8295.620393569197,0.343692560573589,-0.8133046612944432,99.43589743589743,209.0,-1.064899962008567,5.015034253318835,1
3.063071449970134,4.119712660158037,2.229192565655224,32.176187641811666,121.70516857459026,0.1258415851780948,-0.754805256403678,319.375,36.0,2.7120634695652486,9.519774424056614,3.6562669265078775,5.455014214826735,-0.28987328676943824,54.435653657172054,7.095349718379437,-0.06909622599658087,-1.2332817318251794,106.0,8,0.829175181927427,0.5504649196956888,8.44708137479891,23.681426647807847,9.295097299998144,1156.2198067767458,7777.093981318697,0.6225876389129558,-0.5364555421638348,99.0,209.0,-1.0980905276388289,5.078114690824047,1
3.3267127755632773,4.9101428279880155,1.9066146441729048,42.021384114680934,176.08790895944304,1.3323286030171508,1.109896854513817,321.8125,54.0,3.2070558987931124,11.371555449909213,3.3857191720750675,5.596501628357623,2.728414679508861,51.25502257545469,17.764975879860422,-0.17021766101194466,-0.15903672129352397,107.0,15,1.5509216471678422,4.275232459847844,8.572690059737582,23.87077919824819,9.720721475147196,1173.627262638084,8800.170729327192,0.3365819226593992,-0.9588960766100811,99.35897435897436,213.0,-1.0299811846855975,5.0483297898823105,1
3.4048432958252866,5.3378934277943,0.1315357931013704,49.818637084966085,23.045112654762878,0.698213535664246,-0.0025388272219339925,323.125,50.0,3.811477562018698,14.943089386566495,3.401767478369608,6.145474661478776,2.9785910804354723,60.65565570926124,3.651744088854697,-0.10943914950524777,-1.0732837957861912,107.05882352941177,4,-0.12391945836219301,-0.9105629863194813,8.543264306421456,23.482106249794995,9.33445158278674,1143.793444748429,9173.369501609,0.34169125085845353,-0.920079106763982,99.94871794871794,210.0,-1.1186945176419263,4.965343413815426,1
2.7379176006096055,5.162284471057418,5.991954413733686,50.024135375318615,830.9755950193312,0.12358834798748841,-1.1447493606733115,329.75,43.0,1.333109706643431,0.021957337316169667,3.026339148685928,6.470169952353399,4.855307960772361,66.12402117106434,134.085899974186,0.39417904548570065,-0.48332781973681316,110.70588235294117,28,2.3356283586723,5.289100436432646,8.341986273627034,23.342300281267352,13.44338669447741,1155.3716802596825,10018.393746614012,0.19282451050335891,-0.8577069329664262,101.58974358974359,208.0,-1.1860762840592949,4.564680336534936,1
2.847649181889792,4.704739370178888,4.316999683919249,44.99981041853178,253.30628187899734,0.417425536538361,-0.9408775858716663,323.375,56.0,3.340732044952091,12.158495467826974,2.5143120924505933,3.7484053177548318,3.904985974072503,32.1433543737783,61.238459486943974,0.3067317469212617,-0.4531765769261189,107.88235294117646,16,2.001537675559604,3.808887773035417,8.501781359291627,22.87559281346948,6.3388345069253615,1086.0961016365634,8649.900017830383,0.5462410519291517,-0.6246691461624145,99.84615384615384,208.0,-1.1615099536907862,4.9552485339436165,1
3.412213035592076,5.396960927931809,0.3212183871796416,49.13271600191881,26.4754434099237,0.5325220287771443,-1.0042020820096835,322.75,45.0,3.7601125741036125,14.666108773312772,3.114538680078804,7.2699420349106765,4.533113844679161,80.63479034402204,10.266993890313431,0.3105937656942847,-1.0230730709447542,107.11764705882354,5,-0.5378106985808475,0.024945326278671853,8.601173098899013,23.813643955603037,6.741580594396482,1158.91610234115,9003.853442181342,0.3929156091271059,-0.8842028420000374,99.82051282051282,213.0,-1.0447144968336668,5.034332851658134,1
3.3209126004332674,5.297423986661025,1.210826530692555,48.580201553620164,25.009387259577746,0.20162560181760855,-1.621761794557363,322.25,49.0,3.698089291971048,14.335101560898377,3.1395396192529783,4.886164995915791,0.6634554178714313,36.726973168985936,14.976841433676704,-0.37048231579317487,-1.2631341765104935,107.23529411764706,9,1.19091244119375,3.4076253945623427,8.57504281483894,22.983068321358402,3.6361644984620662,1093.1040785683147,9323.590683221337,0.41902874669128054,-0.8020630685602241,99.82051282051282,213.0,-1.0399490064797263,4.909046756933216,1
3.3110390176341116,4.973048520867951,1.450729708700248,49.92789854890538,664.2103550148352,1.2247643613311585,0.6568326713786163,328.9375,55.0,1.3128687555949268,0.5843096410163557,3.8145347897755317,4.459786035931969,-1.5057498499055264,35.80864550215235,445.1064365907987,0.01356344870192706,-1.6859646174528318,110.82352941176471,43,2.3073714611054292,5.410333265306118,8.6667957863338,22.48809460934508,4.050278532375166,1083.5252145422212,11971.843318022851,0.17996894230378613,-0.39421624515082243,102.48717948717949,240.0,-0.3686955714416533,5.315974067226773,1
3.4197775516558133,5.283550916857844,0.9948410397883151,50.16014906078352,65.28414746798096,0.21901469411236615,-0.036421154912402276,322.8125,36.0,3.2679977740412003,12.011744232249342,3.097804722670261,5.629730594120197,2.02016111792554,54.21560888301899,8.912194862876984,-0.1737590718838624,-1.6135077210807434,107.70588235294117,7,0.5170111475967207,1.2571148486843042,8.343580206585708,23.06670573284923,9.277294586386661,1102.7564363181257,9262.284585617692,0.3162847959433731,-0.8375284004461245,99.7948717948718,211.0,-1.102031550215518,5.085941082644648,1
3.6182174988259357,5.148181291266438,-0.9445134516961581,47.79398756053885,10.298984503729214,-0.039427811839306624,-1.0897790365367164,322.125,40.0,3.645334239901914,14.026045263744994,3.68516318265282,4.258134431144302,-1.942732615989771,39.10128163428884,7.954070970886273,1.295802249246583,0.7347850555421718,107.11764705882354,4,-0.42845545304764976,-0.8687323018836857,8.40611863284581,23.662009952085246,11.829516249654787,1152.0001202011922,9262.920375875163,0.28957608618103353,-1.0405849825931228,99.43589743589743,209.0,-1.1537805979789515,4.9587818074071555,1
2.94652377205589,4.429898611098106,1.59560487419088,37.76439543314715,433.96934558154055,-0.8106842680362741,-0.28487145320214946,328.0,77.0,2.9491607472471193,9.801041935617008,3.7629623285060636,5.084043818488383,-1.0693330023036403,46.43406502602876,130.30453787374313,0.05075316513728015,-1.178768261319598,109.29411764705883,27,2.496112925069402,7.095577992067652,8.61703107386372,23.28046112091919,11.569125082375553,1141.8796126962798,8045.532791318074,0.6656374146362082,-0.32033794293507256,101.15384615384616,207.0,-1.16745931053817,4.827086920376693,1
3.0769677443839707,5.147224066874239,3.640576415473233,50.09364189079604,293.75109914903715,0.7141788135423192,-0.46331238791904417,328.125,50.0,2.1913999101306887,5.369465318250444,3.1661536100524645,5.394610393293002,3.205484416038266,55.85620508389018,42.68717583344,-0.016934444805747642,-1.6725316920271462,110.0,19,1.7682141689224409,3.063497773669859,8.581534616692355,23.643173960880375,4.292304875010913,1151.0243203592645,8644.757463406117,0.44810311441911366,-0.846079828398731,101.1025641025641,215.0,-1.0613185766248172,4.919165540666449,1
3.009582904465019,4.537079395376217,2.712878478932267,41.895346097297725,124.61511493165406,-0.36485083485933145,-1.1807294326870357,322.6875,50.0,3.392320011086684,12.349771957396019,3.515733043742431,4.6847932652966895,0.41513352267656956,44.071026129778,14.028071241849311,0.6160134366521539,-0.48532366742958954,107.52941176470588,14,2.51701531163631,8.489914069822843,8.535125853272257,22.684097824369044,2.070437141335227,1066.424839683588,8491.242486348465,0.4449274024067976,-0.7413237345750381,99.84615384615384,210.0,-1.0591767996480785,5.003996901998474,1
3.2003516102607295,5.353771763789576,1.9266418838856936,50.458343135893756,77.75150249701622,0.624428257924848,-0.9077022343996379,323.0625,55.0,3.7076467275232674,14.396050526368427,3.3218549995070576,5.373519798500973,1.4981054596328813,48.57660594697384,9.110884048023024,-0.20054863788593968,-1.0472707668852832,107.17647058823529,10,-0.12568582713200446,2.471266245077357,8.56090448482028,23.288095993541667,7.431750497060439,1121.4776257004971,9190.399099190829,0.4302528044967717,-0.8051760358686129,99.87179487179488,209.0,-1.1460016724825959,4.948123015123657,1
3.421555194421239,5.3042632889679915,1.1411033652410654,53.48746748190459,229.9223053603709,-0.22627879123274533,-1.0227943810052087,324.4375,46.0,2.6973150292996726,7.4910839248994625,3.1264170810502927,5.343216290808095,2.593545105432901,53.613486010352894,32.45401280547847,0.6277990661720296,-0.777449181210339,108.82352941176471,23,3.3442899818294154,12.237232424904516,8.241612206404612,21.765369332758077,11.096741580050349,1026.6236072406703,11308.091526599634,0.3249810374961072,-0.7941821948304462,100.64102564102564,212.0,-1.118687891579893,4.700193074875067,1
3.9223820305927624,4.615870444686193,-2.4332127431871964,44.35920412088091,99.95499087720995,-0.5394281453673162,-0.7990018836764241,320.5625,41.0,2.8590510256092045,9.734982341806429,2.945814915620713,4.97634209927197,2.5405368043228846,44.100597952707986,5.928603614579556,-0.09642543436653996,-0.3163664419377117,106.17647058823529,10,0.5159900985511371,1.921368727954801,8.51181543585005,23.717920353847965,6.210098156861016,1161.2747747420974,9025.829533456637,0.3563090165467566,-0.7744978068080433,99.41025641025641,210.0,-1.1409290852004639,4.809145002951394,1
3.7600307688766,5.259802477879542,-0.5809203609444374,51.196498233483226,429.1807933786801,-0.5259944499435212,-0.980448886860183,325.5625,53.0,2.815703836967992,7.570792860224519,3.5097934272024682,5.372164401650373,0.15667255185425918,49.70761103214775,8.848066141842907,-0.10746369568916901,-1.154593285660196,109.0,27,3.948958333333333,16.035367063492064,8.283271805747123,23.666838545243642,17.974185598224423,1153.6634282974999,9776.77102620031,0.3142828593760557,-0.7920239833597482,101.05128205128206,219.0,-0.8938881329701679,4.955744931995322,1
3.3439141962574586,5.683749832811267,-0.3698333793524822,53.914759959403035,76.38762090021112,0.6049365092049831,-0.34438824256239586,321.6875,39.0,3.1340254657079827,10.904444092341766,2.9107123818643736,4.413473148689993,0.6097715612235309,34.12529995966622,9.785921781530497,-0.3734563842284779,-1.0214729736524937,107.11764705882354,8,-0.29723684960299196,0.4487762099125425,8.477065476975012,23.378975329262264,6.933603391675964,1115.6921398944053,8832.102622715372,0.45888584481261435,-0.8238980055623792,99.46153846153847,211.0,-1.0497148322545409,5.0730926561724194,1
3.322749879262906,5.123297836808734,1.335100990630885,47.57563149848624,33.690950297496364,-0.8382690430459492,-0.5302497588486452,323.3125,53.0,3.7266225712963057,14.445230622909879,4.124597079963544,4.789207379674086,-3.924518298645777,43.21342005573662,10.53186091443759,-0.22831793897450534,-1.3028599249502715,107.58823529411765,10,1.3045456127333537,3.7405076415818006,8.553799493662781,23.033111225300868,5.040804813136045,1096.300177088562,9530.101788654765,0.3614560445414288,-0.8629303029325945,99.82051282051282,211.0,-1.1293878193107258,4.901581023461609,1
3.5458129762455735,5.798525224927535,-0.10064633626730796,56.83965639028649,58.40480660941247,0.8165813231711065,-0.4013651266717524,321.875,48.0,3.6707508366733133,14.197195942917997,3.8555646343539127,4.643994801320285,-2.4011980716937713,40.27158178405338,4.7687223461697785,0.15306158625777846,-1.1150515479822034,106.88235294117646,6,-0.9948524914966731,0.3346909626774517,8.487514305129363,23.379973022852788,8.649972051526392,1123.533817324176,9075.34171244975,0.22921002218089992,-1.0535511517250327,99.35897435897436,211.0,-1.0994922959287234,5.065042933292909,1
3.3902841787938955,5.475956267727092,0.6103784909566149,50.71999979828657,62.85332475977943,0.2390114253050328,-1.2191786210640987,321.125,56.0,3.710816542090452,14.42841816595698,3.5047075297281216,4.819257881725426,0.3289957535053661,40.27792047453473,6.319870281214679,1.1152842030051995,0.0577849866078024,106.3529411764706,5,-1.097498281969019,0.5937057382276465,8.580863399687143,23.426977245542354,8.537347435686382,1135.9061255587492,9296.91582407826,0.3861211953823883,-0.8363212339974182,99.46153846153847,209.0,-1.1379603448111344,4.901381895376452,1
3.2945405027103054,5.374384798529377,0.9705814675607243,53.06922645026623,86.59416102934614,0.1869769134952545,-0.651631141273814,319.3125,36.0,3.2210004369035334,11.601615440284117,2.8693752385263043,3.8266959942197274,2.310498584626829,33.634673461434,12.226845140687539,0.8444333161129773,-0.1047483078202518,106.0,6,0.18473456760954068,-1.1760149481909292,8.419492763685488,23.234900552131514,9.769705042773952,1116.0625560854282,8701.928781061517,0.3955134558473078,-0.88440574884621,98.97435897435898,211.0,-1.09183280263323,5.12138901248822,1
3.1756078244690933,5.774684632403158,2.4185913463089634,56.76322432012446,70.10746416520253,0.580502053645344,-0.5420656399793997,318.3125,39.0,3.1487577586323114,11.373552249665426,3.4077665775138684,5.596270003076333,-0.4428669714389325,56.05428267601086,8.143950694079217,0.06406338805936336,-1.0806877875181022,105.76470588235294,8,0.10833028932549058,-0.5934067137780485,8.372245480484217,23.215094851714024,11.622199824593492,1116.0449980665628,9086.9354547102,0.4968180955293203,-0.8663728848957826,98.53846153846153,206.0,-1.1834287712397953,4.970000684973262,1
3.5624319451068116,6.035251683296093,0.13360190391929738,58.8674556302733,42.2330440811344,0.5414170300398724,-0.6105832551076871,318.9375,34.0,3.5002932226518384,13.393391652015158,3.7970240930289862,4.407945232949193,-4.9862060282404865,45.592227226536345,19.108059774451796,0.6821289319845983,-0.7455730495865183,106.0,7,0.159375,-0.6290178571428569,8.472536899981302,23.91378319180677,9.761309463277847,1166.8825155932093,8548.602245271266,0.2928132809262309,-1.0082756290888,98.58974358974359,207.0,-1.1608950012997985,4.867897701969221,1
3.210559076399736,4.782546822945204,0.32657858485974395,42.8221810380214,60.47913870898059,-0.31804164262100476,-1.0291288726123633,320.5,37.0,3.197995358245152,11.693756907229393,3.4053298005184955,5.371464357336716,-1.1167615084912064,53.157195874610295,6.938638337975059,0.4896792081259836,-0.7823978518970396,106.76470588235294,6,-0.20986936438662973,-1.0126232741617347,8.389697678793775,23.449351123435594,11.566614464476158,1135.4179726128505,9420.38792780725,0.3487869977656717,-0.9451131549443006,98.8974358974359,209.0,-1.1489431642127552,4.934240427239987,1
3.838906210660509,4.360184930486409,-1.8609077007915518,38.94442921508958,121.49236770664946,-0.012363085686256364,-0.860873865273386,317.875,42.0,3.0560535329876597,10.904540208514437,3.6319381592719666,6.205176693391646,0.11451754035006888,60.29087228716121,26.4993937206504,-0.009611308815250075,-1.3898403800411148,105.52941176470588,9,0.5236534005004384,-0.4211244752475549,8.531022818339805,23.724398723093955,7.635565100144344,1162.9196725230972,9161.895178119119,0.40797305588400234,-0.7423166563727919,98.56410256410257,210.0,-1.1057785857653533,4.791310217773726,1
3.720560719037755,5.32999443694451,-1.3864797979118915,50.76327819650521,65.74283158699501,-0.6041721667185695,-0.5804502833080369,320.0625,46.0,3.568946761291067,13.623459080095817,2.5736322935480294,3.3961787044848366,3.1920280654077766,26.50523154202492,13.545664110853231,0.2999637333515183,-0.7083056810275399,106.11764705882354,6,-0.5112573820380977,-0.5646511026320793,8.60369995652456,23.106046542504053,3.2121691862912702,1108.9912295589681,9390.229986379733,0.38443582501202767,-0.7916179135692825,99.41025641025641,211.0,-1.0352510530977226,4.811462830350961,1
3.269798581885758,5.0924408213576875,0.9133989616748835,46.28204052853216,58.86927229769041,-0.18862631803001906,-1.3867050754671795,320.5625,54.0,3.73064244117977,14.518975555839173,3.712425387427153,5.414412630587082,-3.2734381306132536,53.29169678183329,9.606231610225286,-0.7831152954009636,-0.044575182536625846,106.41176470588235,8,0.19161028218443404,-1.0530405471647981,8.700327609487095,23.171703226775776,2.3614983120754482,1112.6645897115625,9066.49451559866,0.38122091389024504,-0.6978435245257351,99.35897435897436,213.0,-1.0029222181363293,4.843477689877717,1
3.548213636696481,5.109545299748496,0.02962337795652199,47.31910322875264,46.89393642143558,-0.3508649107047099,-1.2075979790054236,319.625,31.0,3.1992157629010176,11.705750127139108,3.6945468257428105,5.029405459749918,-0.021255911181438887,42.04508670581181,2.9291592864318137,-0.23617962426648073,-1.3452413508505727,106.41176470588235,4,-0.2805361922610112,-1.2913878036351338,8.48476844555975,23.438283408434845,4.691929127444346,1117.8497588714272,8379.771818306097,0.42000930611097514,-0.7711859190144077,99.05128205128206,211.0,-1.07049689354273,4.880528747118487,1
3.095830392238766,5.527804086073442,2.5998319546704116,53.56378235699557,96.56171437226125,1.2341318551061278,0.685867831821724,320.1875,46.0,3.426217056124485,12.827284547090681,3.56235317422334,6.717935200166297,-2.00571481394614,69.35896412609057,12.056775188434745,0.25929547546596515,-1.0126640832556557,106.52941176470588,7,-0.29885605339241916,-0.15661383224249104,8.545476065442005,22.877223866679177,5.149780366531729,1081.2594439157463,9892.053945540687,0.45157031630859207,-0.7210919668586211,99.33333333333333,211.0,-1.0655149864114126,4.837100021431751,1
3.508844543863642,5.367253477280431,1.0390533147941847,50.287568873960126,70.68412504573244,0.33137890246117496,-1.7034927492341245,319.5625,37.0,3.3289150505774208,12.222193609984831,4.012213529813102,3.8190315254301,0.19990473183844554,30.937589661496965,17.186900560794264,0.815205828930254,-0.18516739332184695,105.94117647058823,6,-0.6179177813305217,0.3415351239588449,8.494260698164794,23.502467754832672,6.098673152055791,1128.9085416453706,8454.554280914195,0.3915549138523267,-0.8705379940214186,99.0,211.0,-1.1152196970083612,4.940125651227393,1
3.717675851132524,4.836313578889312,-1.9182871806340192,45.72449426949836,44.05697381687177,0.14817562151551333,-0.6532188642237098,319.5625,34.0,3.4213104349957564,12.740961868456441,4.08906087985908,5.839803495958445,-2.548599384755179,52.92992124976997,9.365598677975104,1.1334243321704112,0.5795255255080689,106.11764705882354,6,-0.6662163578210094,-0.059611833265055925,8.450319683494422,23.44634220903816,7.0443926878038,1126.857759787408,8874.05370614188,0.4090310349589168,-0.7769597398134112,99.02564102564102,207.0,-1.1705491593700494,4.816302882065663,1
3.264412633728008,5.742938194783227,2.1794751738148634,56.49589373229086,63.47558380712998,0.43205910808032294,-0.547277098534765,320.5,49.0,3.5576219703882086,13.560316963608386,3.6295790238735526,6.84670651112786,-1.9825192425166656,70.36243291261763,15.207967201742905,0.06242037232089299,-1.7836132662358333,106.17647058823529,6,-0.27344906855186396,-1.2172746854615935,8.551150603548189,23.037157715118962,5.416011921440319,1094.6322513344842,9237.85300170473,0.3289766067710168,-0.9442623379639765,99.38461538461539,212.0,-1.041105406181406,5.003522585958508,1
3.088299221554719,4.599801332235323,1.6547273493423158,43.29345577409121,118.33519238347971,0.570473515061668,-1.0856418497230245,318.5625,38.0,3.260450371260128,11.840982608784216,3.7142391749308734,5.05074203210582,-2.559574757118705,49.49699383325683,8.175956622123996,-0.18320771960104235,-0.2060780562192419,105.94117647058823,6,-0.17033018450658588,-1.0445276928226566,8.468569500689895,23.282303223580033,7.310531369259193,1113.0838376666507,8426.754586991787,0.3553480401548056,-0.8629139506401406,98.58974358974359,208.0,-1.135983883684329,4.954072026369997,1
3.5028165533550872,4.686206467833293,1.6492960245035162,40.7937346024617,139.08278034466645,-0.002653451009573229,-0.5889076190409099,320.375,49.0,3.3503454854987034,12.32804462449415,3.233591648988677,5.437993399029344,1.7931957113832606,50.68798927864949,15.579169253056339,-0.4987995140525186,-0.09688515071084947,106.05882352941177,11,1.5075034688467661,3.046269767502696,8.582076492487083,23.681104160584955,7.929557616116474,1163.4867164955483,9001.072183032618,0.3263446848959321,-0.9765891438164838,99.33333333333333,212.0,-1.066402446524565,4.886258877520066,1
3.7442411148582053,4.720940299901634,-0.7366905545892152,42.7967714846533,21.29687854500912,-0.45220735685970204,-1.0723038315905602,318.5625,27.0,3.1841774912626506,11.361537231906908,3.593255455659195,5.354468330798381,1.2197785662464613,49.23267201345063,3.9428267931252785,1.2122092306236332,-0.28155977405795873,106.0,6,0.07693321779309636,-0.39314285714285724,8.384748503283118,23.797433607988804,9.705569778209071,1154.2711973288776,8830.317017931475,0.35880943421546607,-0.9504949837159384,98.56410256410257,214.0,-1.0534834260681236,5.103463303828602,1
3.5795605081387714,4.749112215878376,-0.10779995490377343,42.60042657040697,84.27072791534488,0.2342535137411413,-0.009022961320262812,318.375,46.0,3.3395373575674765,12.438311157775555,2.675130655019748,6.545574279713831,10.69784895610215,79.5079839693955,18.732935435395,0.1690190862195774,-1.4870620842418163,105.6470588235294,6,0.11426370830213209,-1.2534797793396284,8.436608166026147,23.349802136744533,8.221832039835483,1128.8688828578593,9371.373779757505,0.3444197390131677,-0.939024448083341,98.56410256410257,208.0,-1.1157622603075728,4.91588093104668,1
3.2486500969333485,4.943860400561996,2.3101070069099103,44.322022366691336,95.72411473432238,1.4134399366589327,0.8306860414297477,319.6875,53.0,3.5437040824255197,13.42742314708487,3.755314804326553,4.6705687804337614,-0.530692657874171,37.508028881625805,16.503462825762465,0.25144954024150157,-0.4952236037825162,106.0,10,1.3055999999999999,2.7869257142857147,8.553486148669787,23.12718704654862,5.994049058636202,1112.855808955773,9086.236814242342,0.4639933152271486,-0.7396098091334653,99.0,208.0,-1.1315219411484718,4.88082961186366,1
3.4502579775723596,5.226788659181471,-0.3768879215369736,49.19135870492193,43.12485372913569,0.0221376822119588,-1.23600412349967,322.5625,54.0,3.808512101809031,14.922276652748408,3.5846500537201735,5.76202210976007,1.708097233761151,55.58325428814703,2.2139726506188264,0.444886202740765,-1.0011502963576056,107.23529411764706,3,0.3994258574817139,-0.5625558035714264,8.790892885134225,23.415750664274658,2.0702236014679993,1130.5047005645629,8963.961661859887,0.22358976533211364,-0.8277321397535409,100.23076923076923,230.0,-0.48013012148876927,6.214537654207372,1
3.3869805316636397,5.577342874497882,2.1465562943293395,51.975507499465124,67.16779433521067,0.5054265473490117,-0.011734820933179346,321.3125,41.0,3.3036470613957167,12.420868449865893,3.2564475109648043,5.1955834277750155,3.4163932882980013,49.09756685614385,2.498365910164286,0.2727611765675946,-0.41933918906446976,107.05882352941177,5,-0.7053546097913297,0.8256614916899898,8.447925283420581,23.237586294512536,8.271391422603774,1122.8636745366916,8746.334375129478,0.3916535494971089,-0.8771839450720531,99.41025641025641,210.0,-1.1066633366828165,4.989153953429811,1
3.1688374633486878,4.468359603880361,2.502490025816174,39.55094273783691,249.22719217686702,0.17334031532515526,-1.5920889304093861,326.0,70.0,3.3369603713612648,12.083437130345878,3.860702054139493,3.8374366092972263,0.339394672537639,28.847667332148497,47.24571204790502,-0.9719508357364744,0.4012412249329791,108.41176470588235,22,2.4552625797832897,8.176497978855116,8.62346018094873,23.071907244347074,6.164132864020751,1117.3623844144304,9203.943747165053,0.4572312125063044,-0.6377540191757212,100.64102564102564,213.0,-1.05507500007508,5.00832277402001,1
3.243870371227263,5.273555957833533,2.3515273824439697,49.26124224617169,121.25829072294235,1.1285615837809182,-0.07284642659378138,324.6875,57.0,3.571433427306934,13.457809576928007,3.543709783429632,4.571516836387243,-0.12682330516677967,37.761716132980204,29.751045873028524,-0.08447676727025902,-1.055370287956213,108.23529411764706,12,2.0171447838566317,4.389161120963562,8.612091242339972,23.12869767973711,5.4152891621070935,1115.7316766635458,9438.704415193048,0.3617781896638976,-0.8029711641460824,100.25641025641026,214.0,-1.00936625962356,5.145676666421763,1
3.7910913839334865,5.63696196372517,-1.83825457493663,53.89476188751141,61.485432340895926,0.813954832184434,-0.0876477570762284,321.0,41.0,3.367862780622008,12.558620352391543,3.6972890151943734,4.940214467692623,0.2896772798441845,44.3220812515238,9.513629731900421,-0.44536082370209223,-1.392345372332742,106.52941176470588,7,-0.22470638058446754,-0.5171447590863991,8.510739844074731,23.812309637317902,8.22961564552027,1152.089146717658,8542.571673877197,0.24768700619514344,-1.1036323456829373,99.41025641025641,213.0,-1.0082245101978806,5.102317906675004,1
3.577349728818528,5.487950750896396,-0.07681925790765351,52.89958738984555,47.761879101795266,-0.25030515082474475,-0.9071131129581258,320.8125,41.0,3.670522452231745,14.166335213312927,3.5205773430455567,4.987314134244244,1.870232788975057,45.58526963063534,3.673748918996619,-0.2247080103615565,-1.1515690136173131,106.6470588235294,5,-0.5373399229682139,-0.4604166666666787,8.469409069517221,23.241218039155914,6.437400578792044,1114.3711636847243,8132.234648089447,0.42876642269609005,-0.788725562710813,99.41025641025641,208.0,-1.1370685244548777,5.047323678239796,1
3.3401233964544947,5.444150495909479,0.9144361630688344,51.604960596158875,30.08883068441633,1.7312029005585945,1.8514722547532116,323.0,56.0,3.7474340312390804,14.525167430572836,3.119273292756037,5.7178882295722016,3.369721383737354,59.76112430472885,16.988362330429858,-0.08391756343391067,-1.3756869106551708,107.3529411764706,12,1.504886230971347,5.025383432018467,8.609778694258075,23.18710529278112,4.819459662731033,1112.4333078096217,9559.687652614122,0.3329481934724156,-0.8787997741555724,99.7948717948718,210.0,-1.0709493562145975,4.933872166563398,1
3.4248785509620694,5.3973488015819076,0.5778692786222634,53.83366325852918,113.05679859347923,-0.5562493669540762,-1.2133244586557725,321.5625,44.0,3.0751160966495674,10.902389331017027,3.155042236969878,5.772754686796655,3.1884495442478626,51.029740938596944,22.167658666006666,1.5128789539558083,1.2255768778389893,107.05882352941177,10,0.6988200557365083,1.4614260519022362,8.500995324608915,23.379403704392253,8.271339310354898,1124.8789716816639,8957.717714441289,0.28400416123572486,-1.0662958845398667,99.41025641025641,213.0,-1.032553329574466,5.070216373122979,1
3.402976944002002,5.257202380985889,0.12737621549752814,49.85040523662747,58.48879914747966,0.08469622442910692,-1.562317301887932,319.3125,47.0,3.6422335879181524,14.067128525044769,3.530038293482511,5.172450576242457,-1.2796297571585369,47.98979972674926,5.155606508863162,1.101625136101179,0.4350160618268091,106.0,7,-0.3900132932392947,-0.29707150289876605,8.519461608253334,23.100007702277992,6.535106424006464,1108.0944098378172,8496.371327179319,0.44731723129712936,-0.723700271881023,98.94871794871794,207.0,-1.135592254385778,5.029362385290427,1
3.578026125533743,4.791473424637967,-0.3160551448174138,40.00522638472004,120.94037980584642,0.07327371341866058,-1.0085127853191425,322.5625,45.0,3.299355408964079,12.137186664706796,3.107199060389689,5.306599070245223,2.986711620074854,46.09892179042661,9.95910227071114,1.8436365985092935,2.047161333321747,107.3529411764706,7,0.8504636989922801,1.3112553699803988,8.380314080161115,23.544051507384964,9.09229503847932,1142.3762569025826,8601.95729053152,0.38302470673067684,-0.8576635244628075,99.38461538461539,206.0,-1.2232279575786764,4.962440823156514,1
3.5001749494687298,4.842331504537865,0.675770304509915,43.56634565743003,27.928658289263666,0.5668957339620327,-0.4684348850178348,322.5625,44.0,3.7014804964759622,14.331791809915892,2.625302345602963,2.8937035997996383,0.75184379826919,20.896209227621174,9.19305878260321,-0.024053302913220994,-1.0526429521644967,107.11764705882354,6,-0.0707096192589377,1.2038557077910927,8.446736989497927,23.510700102786572,10.110431382869507,1143.9622635605228,8723.211120598915,0.3546985158764028,-0.8822715573906712,99.74358974358974,211.0,-1.1057534898237065,5.082815054042498,1
3.1927592344238054,5.692229196347717,2.566093764917098,55.88891762152603,66.1111146512427,0.7023212543114682,-0.529663666248477,322.875,47.0,3.5495174885848666,13.466350786550212,3.214721371065846,5.394800034416495,1.9801372682253089,51.34462334061629,2.742961212639372,-0.6577313999595052,-0.3701083630021742,107.52941176470588,10,2.8779322989326594,10.519410133946089,8.491977838989364,23.117577682311076,7.7254935783145084,1102.947063404494,8889.501544492081,0.38489295113504635,-0.9093226524359834,99.82051282051282,211.0,-1.0941597817834936,5.038733051234307,1
3.194508793138492,4.669326775505837,0.7570076143704454,39.71929176892252,124.83842114026908,-0.8384441271481787,-0.4975923551443455,325.375,44.0,2.4667652865711527,7.542162125717227,3.434301982552181,4.988142044625173,-0.07923004347785845,43.200420531388446,42.36285007796493,0.6610178619990575,-0.9704662790528666,108.52941176470588,11,0.9169308996714747,0.9066226109491402,8.37918489222162,23.357162213073345,9.545861978884341,1118.269330414209,9686.552780362887,0.49011608979730786,-0.600811591455618,100.2051282051282,210.0,-1.1718843338780893,4.961033329053179,1
3.131505308271929,5.572629509444441,3.437559130514384,55.22490930625868,126.20703152480219,-0.04566837038515456,-0.6678923883557233,321.1875,51.0,3.1968694159084556,11.634006797052834,3.0807810499681283,5.067148621154629,2.7825426119224335,47.514921985666035,7.115415535205466,0.43273151690683476,-0.7313411058079669,106.76470588235294,12,0.9678188263275076,1.7920992771311277,8.520720579974277,23.098717593671385,6.287759002015589,1095.4257145432168,8414.553145264495,0.41582844076747877,-0.8146358784632817,99.41025641025641,213.0,-1.002210619307686,5.1782500819930855,1
3.5536057658211386,4.546981766354934,0.4783786605005901,39.08257969331153,112.93345904272796,-0.2064070609695273,-0.6214426650066476,317.625,50.0,3.443728606167711,12.989210047280434,3.669856075308455,4.464038348161044,-0.7445464455195528,43.1547786453675,9.960693236429488,0.988918794478183,0.5975910112742007,105.0,6,0.12981260321460614,-1.0997084548104956,8.545752601601393,23.60602275335292,7.1459903846812125,1155.8245381375148,9142.891419795524,0.34238018686219834,-0.8263580745684482,98.51282051282051,211.0,-1.0190848861569894,5.0556980188615315,1
3.365410631813198,5.328344498328823,1.8244307544072704,50.984993207808465,73.10770156477878,0.44281959241271335,-0.9495554198527607,322.125,55.0,3.4048879163613535,12.628593975611995,3.9947555421903385,4.647915250325396,-2.3163989651008854,35.67870144362627,52.56616270686142,1.0347107980801658,-0.009677895369309741,106.88235294117646,10,1.4341739103135573,0.7864222051557035,8.533855180852878,22.98360561667302,6.910843782653675,1099.712343155295,9345.565527524874,0.5553327514753944,-0.5653698230883801,99.87179487179488,207.0,-1.1823192021787619,4.761045185284458,1
3.489053555875044,5.001694196740649,0.3573879554169515,47.457169270575875,56.88202201693068,-0.8933640440110744,0.01714961093643419,319.375,48.0,3.570756022009057,13.771176299252552,3.8659476579539422,5.213179942468183,-3.6370841868267463,50.745260903815186,12.009867762247673,1.2798224688625077,0.7027064198011748,105.94117647058823,6,-0.20371060698593582,0.034075080686255976,8.557869055123005,23.334620031442412,5.252130080741812,1128.9389696291437,8889.735716477217,0.40494693874830234,-0.8334145391955126,99.02564102564102,209.0,-1.0908117800816952,4.884111326572088,1
3.4127684715641498,5.1177663619802205,0.26155551776559843,47.58383713834632,35.357792808460815,-0.5229660171519924,-1.524962131810349,319.875,47.0,3.630172863385734,13.983805036841897,3.7263460439215215,5.570287315179674,-3.006084452584398,49.09393401498729,3.4000921953717524,0.09190928561213002,-0.054031551395764765,106.11764705882354,4,-0.2510330340447635,-0.6418418362345353,8.518214272850198,23.79600416836486,10.796986348939125,1162.943082776514,8921.92760234001,0.2636759156811284,-0.9578862994012791,98.8974358974359,210.0,-1.0634956530800612,5.019822699756854,1
3.1837885406586155,5.199225631769673,2.2943285473070425,48.80870118731386,42.83624044149508,0.1682840786621805,-1.622300263378451,320.6875,46.0,3.5602820257561,13.394900226573245,2.8144734857405522,4.131541040592044,1.3967382076338821,35.575612294953125,12.011611666299896,0.10767782578479221,-1.384174686581099,106.52941176470588,8,0.3303375851327148,0.20684564466195932,8.557705496045305,23.77447880741385,8.168243607049625,1159.2415834906142,8865.34532320466,0.40490897179275653,-0.9482855730197346,98.92307692307692,211.0,-1.067227798103738,5.139960908013584,1
3.5719877526073507,5.471913500896827,-0.6276491566656219,52.219161260245855,25.949054352426657,-0.85847987831433,-0.18395059604399489,319.0,43.0,3.727970374196741,14.458179192789924,3.848941279930405,6.324795646903147,-4.283087125840582,61.801665615583005,11.523500403895948,0.6669872748460002,-0.12140172894997647,106.29411764705883,8,0.5154374884582571,-0.13678709028571712,8.405015361989486,23.084040140488852,9.133064653745961,1100.7074039506408,9137.464531235222,0.38422357358892173,-0.9066328449817274,98.56410256410257,209.0,-1.099770956676985,5.090780721919605,1
3.3570597965206637,4.5473546206819995,2.422634075521671,38.99603660639255,147.25182550380055,0.1562535887026922,-0.9379965804523871,321.5625,45.0,2.8116217193469946,9.31405965446562,3.6778608175213865,5.35065334317253,1.1649142412496496,49.518187963562795,36.18566888138021,1.0277471011452586,-0.3661687284048871,107.29411764705883,12,0.943669401703915,1.112635430435263,8.493524940301265,23.441183205304398,7.987126995455005,1140.2729555060248,8179.13732756236,0.39284111322031645,-0.7352192773239965,99.41025641025641,213.0,-1.0203856718677933,5.107989208966395,1
3.462799296001118,4.9577600348535835,-0.3406175616690867,45.019905580514525,15.585318740340487,-0.3943767582046898,-0.60629155884194,319.875,42.0,3.8312551672409243,15.04336359535418,3.990674238635901,4.485197184106248,-4.586131116716001,42.648568773558075,9.195963806253353,0.9507129478551938,0.23460108707482208,106.17647058823529,6,-0.04030560746982907,-0.23202677896555413,8.448162618916637,23.503646745199955,9.446497047162529,1147.1633447745526,8500.579089590785,0.34768860236892274,-0.8327950186994566,99.0,209.0,-1.0871299582010423,5.170806291265126,1
3.360049772861896,5.497744698427127,1.5685491825344993,51.36844940794963,40.61566816126579,-1.124436279227894,0.48502554064928827,323.5,50.0,3.759755614841786,14.622033228222833,2.985642931116711,4.960551172398259,2.673718949199566,42.09826990821031,14.274746302375503,0.830148397981925,-0.31180667983254384,107.88235294117646,7,1.7320663929196352,3.5005950413223466,8.53560976297209,22.59985673249721,3.5370299203682314,1063.2626710086524,9417.378458072408,0.43036323088979117,-0.7356109504528012,100.2051282051282,211.0,-1.0954583247181533,4.859957571932475,1
3.7639860003557315,5.070401704978549,-1.0266061543025113,46.35795008441083,42.10933020930654,-0.013966989957284405,-0.7729451125508713,323.0,45.0,3.6293161229367015,13.96963971892158,3.0131834731679232,4.609333019477152,2.132960292817905,41.20292029880689,1.8678988984316094,0.4085357414808249,-0.4292928126020765,107.29411764705883,4,-0.35005988855792525,-0.32094228894925303,8.473962072957704,23.785372528821,9.745917212052168,1163.2490914419043,8780.393959606276,0.3280513117981484,-0.9045495524225973,99.82051282051282,211.0,-1.1349457016985274,5.0301053633575075,1
3.6771698054920217,5.182566970300507,-1.4300677831361963,47.70587611221219,28.962748301382586,0.9650564964901855,-0.6398507733884142,322.25,48.0,3.815738085004637,14.964690433540937,4.117125992038614,4.874063620997977,-3.396087702494626,45.56321892969504,1.8583068856755713,0.0036003568433462256,-1.2122722556392582,106.70588235294117,4,0.11023225124769143,-0.5106461396705932,8.516407507902532,23.581711663314678,8.93746589931986,1147.7867292543026,9191.228638688182,0.35176410818802906,-0.8424697656001356,99.7948717948718,210.0,-1.1231658971483647,4.983288910514898,1
3.6671000607766064,4.732582942262609,-0.15809711110202496,42.01053095744982,56.29549279201821,-0.2733995449147122,0.1146625765887399,323.5625,51.0,3.6671352759889455,14.247949548883689,2.628513076022272,5.096402858581318,4.6575258772502615,50.28306557738966,5.292939220873141,0.9986221723573512,0.13060447962112187,107.41176470588235,4,-0.9178054716678707,-0.07091833092548772,8.58479725630448,23.447996491092503,4.805234767571368,1134.4190489570813,9225.902961800239,0.3351530155973144,-0.8335273622756314,100.23076923076923,211.0,-1.1204691260341462,4.904716424416283,1
3.6378149509856943,5.569246000594054,-0.0507910543368483,53.492168629207036,84.94141181650377,-0.16934962770602424,-1.2252559329610069,319.6875,42.0,3.4185078051356044,12.77206301373769,4.261583709782387,5.034023295653334,-3.2712986518568714,46.403973543925154,17.002008672172543,0.366259618056825,-1.17056869174304,106.47058823529412,8,0.39334448034632596,-0.12333887672388943,8.491897620581911,22.93321373438674,4.984023520738385,1087.4789904545441,8989.53326615707,0.32041625641969396,-0.9188459608621775,99.02564102564102,210.0,-1.0717411379398154,4.949675576025466,1
3.248469917517144,5.154712498267076,0.9835870897511485,48.01769805445856,51.576876895300664,0.5488011973388541,-0.4304432998461718,322.0625,49.0,3.379214259288644,12.637353893961912,3.170173247920213,6.293611302767817,5.677758488155356,67.0254561242637,12.32890722023817,-0.09585740556423836,-1.522039978425197,107.05882352941177,8,0.5015216444936562,0.16433671092947133,8.562819209989085,23.126252546945683,4.48573653411575,1104.2072531872445,8624.537183228427,0.4768045123510767,-0.772533549676818,99.84615384615384,213.0,-1.0542412839333495,5.042478624595776,1
3.3995942432134134,5.45758868401464,1.666673933745531,51.3814988976592,75.51172971500056,-0.11962795468836489,-1.0002224903753971,322.6875,44.0,3.6144749824250733,13.82834288147805,3.0689891924533694,4.398314944032299,1.8164788824143767,32.90882597022208,7.897984466888569,0.7044142042013967,-0.5768271115724408,107.17647058823529,5,-0.9599674505583607,0.09942826238119817,8.517186352777525,23.37782840264719,6.788993640605593,1117.3561304214657,9153.188347486559,0.3378697803995503,-0.9688079594751011,99.84615384615384,210.0,-1.088258933787682,5.000003004415514,1
3.3686032046334446,5.1823424590604406,1.094159015737749,48.74608686037485,49.30058520564258,0.6778146711741517,-0.3655414807736115,324.6875,72.0,3.737118441292597,14.481626994356066,3.442968037610262,5.286813435910449,0.939381933793502,48.76493635694173,12.549860932360167,-0.21744697783308053,-0.2480002266841117,107.76470588235294,11,1.6779669208325352,5.282214161192398,8.706291807774349,22.500663204059126,1.5333446826912789,1063.8471364704994,9200.622619590316,0.40444635712530974,-0.7355493812076452,100.6923076923077,210.0,-1.0691722776240702,5.24243589933296,1
3.374243319909906,5.151022383533582,0.058746765569966025,47.87359964664037,22.297167042660664,0.6102448680866251,-0.9587708345300618,321.875,35.0,3.3917628477183293,12.561123939565576,3.9682506243797726,6.732968201410011,-5.021203832280485,71.65650720452028,7.390919167103132,0.004283231143027104,-1.3188572124508566,107.3529411764706,4,-0.5560899234883477,-0.48330578512395483,8.431084239280935,23.82397065699657,11.54708396136605,1159.564875545631,8487.22055523525,0.4107243466395878,-0.8958347177484716,99.38461538461539,213.0,-1.0268437138433741,5.219253988134429,1
3.411818741260186,5.672240086015948,0.2665141505044752,57.570185652765026,114.55849072491228,0.02594880829881344,-0.7300315481675641,324.25,40.0,3.2883663074586327,12.043316339183693,3.046490062167822,5.4200014272940145,1.1299000261525711,49.04597205161279,4.89738683591267,0.565389375718291,0.038550702259245284,107.70588235294117,7,0.8482320836213972,2.1316561633360647,8.469227813746807,23.589583112960646,9.510217150050158,1137.1997484220506,8328.685823000735,0.4221960973081301,-0.8805954010814423,100.3076923076923,211.0,-1.126815714280154,5.122517987507837,1
3.3733874226145044,5.463729185496364,0.8128321075264606,50.16166229876769,61.13367990083273,-0.549943121942676,0.07298457633701627,318.5625,52.0,3.691347323376578,14.334210909354013,3.8564443359976974,4.50184762347616,-1.9623892258230045,34.657631683606525,17.93738160824428,1.127029187526915,0.07703503899382635,105.70588235294117,6,-0.6868226032732049,-0.5873852364276275,8.629044537311165,22.973607955031394,3.456020475409121,1097.707867044109,8643.269923990327,0.38600549136385065,-0.7899088019704141,98.92307692307692,212.0,-0.9555214605594318,5.111871645578616,1
3.3947906897898434,5.4166257955152055,0.14048880467756494,51.039470966540634,41.231602362446644,0.32008827001067497,-0.6050480742927031,320.375,51.0,3.5172851784699257,13.298460935960811,3.3622771916196914,4.86464300074652,0.2271819614260211,45.849086239511806,9.503985664492301,-0.6663884942770821,0.23171550688872156,106.17647058823529,8,0.9350721805600287,0.8614189050333851,8.575705567302293,22.930004574094372,3.9563703798893957,1083.2922828540577,8928.04683798322,0.3024610882012793,-0.919947142903526,99.38461538461539,208.0,-1.1179620324787451,4.780267510482461,1
3.4856018930292283,5.139485160432754,0.14157922733642608,46.25330943538411,13.380500311130984,-0.3123385604790344,-1.2980025595051543,322.5,49.0,3.9142142822884276,15.517166455313905,4.279068254485168,3.7464481165816825,-2.607964538918508,25.38665335083524,6.425573964370535,1.0555549451264614,0.1565975750049695,107.05882352941177,3,-0.9097364761865234,-0.0876984126983964,8.562936549862323,23.453869784105024,7.287233412191995,1136.8524638779231,9057.367653575604,0.4157347831949913,-0.7601788612521818,99.82051282051282,211.0,-1.07310826425531,5.083488337615651,1
3.4800047284250333,5.616793046902589,0.4217458467772358,53.94445073837977,41.939050579360796,-0.09441294193307084,-1.4802222408853445,321.1875,50.0,3.7377822530176816,14.519072177145382,3.7072483859520657,4.342706008439251,-3.6372722789677927,38.473186289717965,9.377203604935161,0.7009326263923724,-0.5698333722081892,106.3529411764706,6,-0.17483563771138116,-0.25786715925507764,8.532646354679654,23.38342023769299,8.848554656629457,1131.0252044331557,9396.14758680742,0.29794787839875236,-0.988147216737119,99.41025641025641,208.0,-1.134971469105752,4.8657644097794135,1
3.5998184140688405,5.2157563088082055,-0.6824573477516168,48.71184983480004,11.604365419987259,-0.6202154661922396,-0.6216283061926955,322.6875,49.0,3.7414396612516843,14.580191592973662,3.375654190158462,4.865212275851143,1.2652687496042005,44.119002298516364,1.6814790811448412,-0.560967502606024,-0.20940726377553265,106.82352941176471,4,-0.9718840625753,0.16202451394760864,8.577032120176318,23.075695165497102,4.532742174693862,1106.5412504237163,9001.822851416158,0.3659864886528264,-0.8322985751183904,100.25641025641026,211.0,-1.0907393882659728,4.874720070561582,1
3.2016266500590316,4.871478090766521,1.9646592207198392,44.65231523931253,34.68875350037287,-0.4115652511573424,-1.1290118713795083,321.9375,41.0,3.6508195126686953,13.991365701012356,3.8964968250642547,5.485334062692003,-3.1388669956447424,51.33273833931558,5.728885366600252,0.2930885580767668,-1.0902842456642692,107.23529411764706,8,1.5323914057828554,3.4706282022722266,8.445747437035497,23.16555329156983,7.276498367789647,1106.8851747367737,8340.015444418808,0.4154288059078859,-0.7845358383168426,99.46153846153847,210.0,-1.1259606002644083,5.060419658453026,1
3.1958188873928286,4.8602458747495305,1.4348004063021265,45.66793386615311,99.66616784298958,0.2075421585472166,-1.5015417846821837,318.875,50.0,3.3952378977715876,12.763727194489718,3.409631373021408,4.246573502052346,-2.0888805201444884,37.49931950509444,23.311942694103948,0.1938438991200101,-1.1785324917026179,106.11764705882354,11,1.2681909812721268,2.7155323450134596,8.575504247580822,22.86414539976254,2.9548359099523847,1087.2015892446043,8656.062809641297,0.42713080245335133,-0.6040650753778412,98.94871794871794,212.0,-0.9958026323119124,4.997446305098404,1
3.6289855928689203,4.747753240068235,-0.5326755732110113,42.77431864915241,34.0246833257446,-0.2597674218144043,-1.2967026705078082,319.9375,45.0,3.736085787215373,14.550063257806947,4.489986270007713,6.341932571987501,-8.328842848970655,68.98251777095211,18.382872278527962,1.6986195879541148,1.8100731190989334,106.23529411764706,6,-0.2542348811366474,-1.1998468893607064,8.507574101316532,23.524485267422286,7.4655612837355045,1147.5312039999576,8525.773267738048,0.27671673388735857,-0.8541580145243186,99.0,208.0,-1.1142502460338668,5.029353453406107,1
3.339975995698767,5.258564245422529,0.2618677457128117,49.216731490379104,65.52331860919817,-0.5912283288160988,-0.6707041399243043,321.4375,52.0,3.6341231723445633,14.029608492099065,3.312284299402293,5.15582357905137,1.311743699168406,47.676115458180206,7.356265824064042,-0.24091899618837467,-0.30954708470063164,107.0,5,-0.5995787312812714,-0.5644314868804665,8.509204008567313,22.960277700845165,7.211835572270336,1096.6304285826798,9187.208961031776,0.38579764420473106,-0.8408622749913288,99.43589743589743,208.0,-1.130020547599381,4.9084318886283524,1
2.811563436404242,4.578612582854819,2.3643499326738566,39.23449039759385,3675.7810302673633,-0.48676846279444363,-0.20768581748698134,335.6875,194.0,2.994037534365662,9.438035909488743,3.5010988090906445,5.242913779429163,0.24609102907866137,47.69287550717933,28.026474235588328,-0.16478338700679554,-0.8680890615730932,110.23529411764706,78,4.054847447651004,16.604040723914125,8.253343585433177,26.30733055963046,18.74124909576403,1374.7748547554775,15281.994030269363,0.6482957843618979,-0.6564720351126372,103.71794871794872,215.0,-0.17692642486600182,3.2193272262917256,1
3.274202333255907,5.501956501227254,2.2518750374927423,53.095367502212056,95.81876980919125,-1.432365168641974,1.1885483567199664,317.125,47.0,3.365092247767245,12.453479956026598,3.2767987492568103,5.025662339629911,0.6935222271878861,45.247989343280835,2.726885845252978,-0.10397317240963294,-0.9753305368306449,105.3529411764706,6,0.4582482654656178,-0.7485346252294831,8.480357736209333,23.28400256307267,9.947128240197959,1123.8663978180768,9298.525823415812,0.34890950647515534,-0.9116637497450744,98.1025641025641,212.0,-1.0189107593685442,5.162578786358426,1
3.6539460973949036,5.60485931178692,-1.4364685458490434,56.72824126952446,106.09421807862049,-0.24675825036693233,-1.1087716044507392,319.0,46.0,3.318753920146879,12.42094759660531,2.8823891483565505,4.815299397168902,3.5236477952554695,44.52943859910658,7.207299074275884,-0.609597085869497,-1.3135583815992475,105.76470588235294,5,-0.0038556031311654535,-1.047292785600232,8.565441122603744,23.155836513765344,4.108898761040342,1107.3767051226832,8594.20235415049,0.3310746578255034,-0.8305568453641543,98.97435897435898,208.0,-1.1378360699349135,4.779066073358234,1
3.423504563809093,5.043172380376683,0.23816865051955752,46.81645790873976,26.768341521013333,-0.3344160308890736,-1.4642098490770352,319.5625,48.0,3.4252274657963953,12.745493982294072,2.8973149827012232,5.434866368968126,1.7673718280812258,49.591677058525875,14.319071642023733,1.4760486589963695,1.3346831547800662,105.94117647058823,8,0.729347529518515,0.14308559885531924,8.551139345588316,22.925773354788785,4.948249322770847,1101.2399133966208,9268.808542563673,0.3645592734128031,-0.7457358834901653,99.41025641025641,213.0,-0.994368248684883,4.984302850507972,1
3.303549973791889,5.444126308066026,1.4798179206456108,51.28916343868292,30.759491252841862,0.5496284243297269,-0.5557498296637604,319.25,38.0,3.721710151573489,14.443148144735147,3.198729998551764,4.208491189929165,3.3050751723781726,38.825398762056444,5.051317789509307,0.44435838266760874,-0.7283101852341365,105.94117647058823,5,-0.4599751546085238,-0.481551020408169,8.497196885444536,23.582443278329567,9.202559464088736,1150.3737549789646,8425.255657112433,0.3971229471154711,-0.7941381803347176,98.97435897435898,214.0,-1.0043958455203443,5.260888099749946,1
3.5177578511149625,5.223160800156432,-1.2425675766703843,47.205375210768906,26.527109693465643,-0.3811819267394096,-1.667838621204383,319.4375,34.0,3.5180361546815657,13.225204028977771,3.3705882931846896,6.393427736033726,7.313291654771316,65.96029612348913,17.447898610804685,0.5153087800432831,-1.3726096930422051,106.23529411764706,6,0.054295698697093796,-0.1555956540100567,8.460710871550159,23.348915068083627,5.421077776650108,1112.4707887424402,8790.579569552627,0.42798309952146946,-0.7573547218182233,98.97435897435898,212.0,-1.0457776850145175,5.062200291335526,1
3.542982460232637,5.3082876740414395,0.47907046481040355,49.12737829428166,30.775539739559786,0.14752166799267413,-1.1798971298438288,320.75,50.0,3.696931660313355,14.31212407799303,3.698893006075081,4.117917907105494,-2.3875367510385614,30.807760227927005,9.721888181071662,0.03335322300561606,-0.817065913982022,106.3529411764706,6,0.3690736421759945,-0.8143987665049495,8.538478621133345,23.347661487174165,7.64840097571368,1124.7472197413088,9447.455663473169,0.31175734688548445,-0.9385582819584086,99.38461538461539,211.0,-1.0483547056900862,4.935836233644365,1
3.5603733814883793,5.253447147909197,-0.011214198128396335,48.09580427348417,32.70802232986911,1.132943919303769,0.16117765705697007,320.625,47.0,3.7322169921134645,14.513324363776974,4.052751451111824,5.706687651337619,-2.178089067982909,45.68058792749421,24.997633249942616,0.36239163158389204,-1.3924445747758962,106.41176470588235,7,-0.7914609345416695,-0.07406187864896285,8.55258804225766,23.59221804874227,8.412949837471608,1148.4927336239043,9215.964749748638,0.4119832829811978,-0.867819205177943,99.28205128205128,212.0,-1.0459673659602657,5.024632492242612,1
3.2292318803958655,5.454764879703566,1.950558699515425,51.56566527162089,103.27272194965462,0.5692220457034536,-1.0357045060334515,320.5,56.0,3.5762391111520353,13.766709833398835,3.549241950438488,5.351097045031366,0.1428910502816898,51.448029678241866,7.5808766594513495,-0.3169490469043015,0.14581335355252323,106.52941176470588,7,-0.48918563713280633,-0.6077445308248794,8.5553626512846,22.734724079605424,7.040102075370857,1083.3440966078485,9304.241466000749,0.3475046053486272,-0.9303408028925775,99.35897435897436,208.0,-1.1163171288436362,4.866775424214118,1
