<?xml version="1.0" encoding="UTF-8"?>

  <params>
    <inparams type="map">
      <inparam>
        <datatype>string</datatype>
        <type>field</type>
        <name>sensor_info</name>
        <dName>sensor_info</dName>
        <description>sensor_info</description>
      </inparam>
      <inparam>
        <datatype>string</datatype>
        <type>field</type>
        <name>Behavior_info</name>
        <dName>Behavior_info</dName>
        <description>Behavior_info</description>
      </inparam>
      <inparam>
        <datatype>string</datatype>
        <type>field</type>
        <name>verify_info</name>
        <dName>verify_info</dName>
        <description>verify_info</description>
      </inparam>
    </inparams>

    <outparams type="map">
      <outparam>
        <datatype>string</datatype>
        <name>Bot</name>
        <dName>Bot</dName>
        <description>Bot</description>
      </outparam>
    </outparams>
  </params>