<?xml version='1.0' encoding='utf-8'?>
<params><inparams type="map"><inparam><name>accountMobile</name><dName>accountMobile</dName><type>field</type><defaultValue>-1</defaultValue><datatype>string</datatype><description>手机号</description></inparam><inparam><name>idNumber</name><dName>idNumber</dName><type>field</type><defaultValue>-1</defaultValue><datatype>string</datatype><description>身份证</description></inparam><inparam><name>mobile_address_province</name><dName>mobile_address_province</dName><type>field</type><defaultValue>-1</defaultValue><datatype>string</datatype><description>手机号解析的省份</description></inparam><inparam><name>ILZZ00000000</name><dName>ILZZ00000000</dName><type>index</type><defaultValue>0</defaultValue><datatype>double</datatype><description>身份证是否命中逾期黑名单</description></inparam><inparam><name>ILZZ00000001</name><dName>ILZZ00000001</dName><type>index</type><defaultValue>0</defaultValue><datatype>double</datatype><description>手机号是否命中逾期黑名单</description></inparam><inparam><name>ILZZ01000000</name><dName>ILZZ01000000</dName><type>index</type><defaultValue>0</defaultValue><datatype>double</datatype><description>身份证是否命中灰名单</description></inparam><inparam><name>ILZZ01000001</name><dName>ILZZ01000001</dName><type>index</type><defaultValue>0</defaultValue><datatype>double</datatype><description>手机号是否命中灰名单</description></inparam><inparam><name>y_latest_in_amt_min</name><dName>y_latest_in_amt_min</dName><type>field</type><defaultValue>-1</defaultValue><datatype>double</datatype><description>经济能力等级</description></inparam><inparam><name>assbalv9</name><dName>assbalv9</dName><type>field</type><defaultValue>-1</defaultValue><datatype>double</datatype><description>资产变动</description></inparam><inparam><name>black_top10_contact_creditcrack_count_ratio</name><dName>black_top10_contact_creditcrack_count_ratio</dName><type>field</type><defaultValue>0</defaultValue><datatype>double</datatype><description>魔盒前10联系人信贷逾期名单人数占比</description></inparam><inparam><name>black_top10_contact_total_count_ratio</name><dName>black_top10_contact_total_count_ratio</dName><type>field</type><defaultValue>0</defaultValue><datatype>double</datatype><description>魔盒前10联系人黑名单人数占比</description></inparam><inparam><name>black_top10_contact_carloan_blacklist_count_ratio</name><dName>black_top10_contact_carloan_blacklist_count_ratio</dName><type>field</type><defaultValue>0</defaultValue><datatype>double</datatype><description>魔盒前10联系人车贷黑名单人数占比</description></inparam><inparam><name>black_top10_contact_studentloans_overdue_count_ratio</name><dName>black_top10_contact_studentloans_overdue_count_ratio</dName><type>field</type><defaultValue>0</defaultValue><datatype>double</datatype><description>魔盒前10联系人助学贷款逾期名单人数占比</description></inparam><inparam><name>black_top10_contact_paymentfraud_count_ratio</name><dName>black_top10_contact_paymentfraud_count_ratio</dName><type>field</type><defaultValue>0</defaultValue><datatype>double</datatype><description>魔盒前10联系人游戏消费欠费人数占比</description></inparam><inparam><name>black_top10_contact_over2_count_ratio</name><dName>black_top10_contact_over2_count_ratio</dName><type>field</type><defaultValue>0</defaultValue><datatype>double</datatype><description>魔盒前10联系人2种及以上黑名单人数占比</description></inparam><inparam><name>black_top10_contact_fakemobile_count_ratio</name><dName>black_top10_contact_fakemobile_count_ratio</dName><type>field</type><defaultValue>0</defaultValue><datatype>double</datatype><description>魔盒前10联系人虚假号码人数占比</description></inparam><inparam><name>all_contact_stats_contact_count_mutual_6month</name><dName>all_contact_stats_contact_count_mutual_6month</dName><type>field</type><defaultValue>-1</defaultValue><datatype>double</datatype><description>近6月互通号码数量</description></inparam><inparam><name>all_contact_stats_contact_count_1month</name><dName>all_contact_stats_contact_count_1month</dName><type>field</type><defaultValue>-1</defaultValue><datatype>double</datatype><description>近1月通话号码数量</description></inparam><inparam><name>all_contact_stats_contact_count_passive_3month</name><dName>all_contact_stats_contact_count_passive_3month</dName><type>field</type><defaultValue>-1</defaultValue><datatype>double</datatype><description>近3月被叫号码数量</description></inparam><inparam><name>active_silence_stats_max_continue_active_day_1call_6month</name><dName>active_silence_stats_max_continue_active_day_1call_6month</dName><type>field</type><defaultValue>-1</defaultValue><datatype>double</datatype><description>近6月最大连续通话活跃天数</description></inparam><inparam><name>active_silence_stats_silence_day_0call_3month</name><dName>active_silence_stats_silence_day_0call_3month</dName><type>field</type><defaultValue>-1</defaultValue><datatype>double</datatype><description>近3月无主叫通话静默天数</description></inparam><inparam><name>all_contact_detail_call_count_active_6month_mean</name><dName>all_contact_detail_call_count_active_6month_mean</dName><type>field</type><defaultValue>-1</defaultValue><datatype>double</datatype><description>近6月主叫通话平均次数</description></inparam><inparam><name>EBZZ25000020</name><dName>EBZZ25000020</dName><type>index</type><defaultValue>-1</defaultValue><datatype>double</datatype><description>身份证关联到的180天内邮箱号的不同个数</description></inparam><inparam><name>BAZZ01130010</name><dName>BAZZ01130010</dName><type>index</type><defaultValue>-1</defaultValue><datatype>double</datatype><description>身份证关联到的365天内P2P网贷行业下贷款事件中的记录条数</description></inparam><inparam><name>CAZZ07102010</name><dName>CAZZ07102010</dName><type>index</type><defaultValue>-1</defaultValue><datatype>double</datatype><description>身份证关联到的365天内互联网金融行业下贷款事件中发生在周末的次数</description></inparam><inparam><name>CAZZ07132010</name><dName>CAZZ07132010</dName><type>index</type><defaultValue>-1</defaultValue><datatype>double</datatype><description>身份证关联到的365天内一般消费分期行业下贷款事件中发生在周末的次数</description></inparam><inparam><name>CHZZ04108020</name><dName>CHZZ04108020</dName><type>index</type><defaultValue>-1</defaultValue><datatype>double</datatype><description>身份证关联到的180天内大金融(银行、保险、非银行)行业下贷款事件中最后一条记录距测试时间的天数</description></inparam><inparam><name>BGAZ00108020</name><dName>BGAZ00108020</dName><type>index</type><defaultValue>-1</defaultValue><datatype>double</datatype><description>身份证关联到的180天内大金融(银行、保险、非银行)行业下贷款事件中的平均单日记录条数</description></inparam><inparam><name>CGHZ03100020</name><dName>CGHZ03100020</dName><type>index</type><defaultValue>-1</defaultValue><datatype>double</datatype><description>身份证关联到的180天内全行业下贷款事件中所有记录的平均时长</description></inparam><inparam><name>ABZZ06200021</name><dName>ABZZ06200021</dName><type>index</type><defaultValue>-1</defaultValue><datatype>double</datatype><description>手机号关联到的180天内注册事件中的不同二级行业的个数</description></inparam><inparam><name>ABZZ03101011</name><dName>ABZZ03101011</dName><type>index</type><defaultValue>-1</defaultValue><datatype>double</datatype><description>手机号关联到的365天内非银行金融行业下贷款事件中的不同平台个数</description></inparam><inparam><name>ABZZ03132011</name><dName>ABZZ03132011</dName><type>index</type><defaultValue>-1</defaultValue><datatype>double</datatype><description>手机号关联到的365天内一般消费分期行业下贷款事件中的不同平台个数</description></inparam><inparam><name>CAZZ05200021</name><dName>CAZZ05200021</dName><type>index</type><defaultValue>-1</defaultValue><datatype>double</datatype><description>手机号关联到的180天内全行业下注册事件中发生在白天的次数</description></inparam><inparam><name>CAZZ06102021</name><dName>CAZZ06102021</dName><type>index</type><defaultValue>-1</defaultValue><datatype>double</datatype><description>手机号关联到的365天内互联网金融行业下贷款事件中发生在工作日的次数</description></inparam><inparam><name>CAZZ06132021</name><dName>CAZZ06132021</dName><type>index</type><defaultValue>-1</defaultValue><datatype>double</datatype><description>手机号关联到的365天内一般消费分期行业下贷款事件中发生在工作日的次数</description></inparam><inparam><name>CHZZ05300011</name><dName>CHZZ05300011</dName><type>index</type><defaultValue>-1</defaultValue><datatype>double</datatype><description>手机号关联到的365天内全行业下登录事件中第一条记录距最后一条记录的天数</description></inparam><inparam><name>BGBZ00135011</name><dName>BGBZ00135011</dName><type>index</type><defaultValue>-1</defaultValue><datatype>double</datatype><description>手机号关联到的365天内大型消费金融行业下贷款事件中的平均单日不同平台个数</description></inparam><inparam><name>BGBZ00139011</name><dName>BGBZ00139011</dName><type>index</type><defaultValue>-1</defaultValue><datatype>double</datatype><description>手机号关联到的365天内小额贷款行业下贷款事件中的平均单日不同平台个数</description></inparam></inparams><outparams type="map"><outparam><name>micro_confin_score</name><dName>micro_confin_score</dName><datatype>double</datatype><description>小额消费金融评分_三方和魔盒版</description></outparam></outparams></params>