1522230481402,AppStatusFront,AppStatus
1522230482832,{"viewSize":"1080-126","viewID":"2131165310","text":"","pressure":"1.0","activity":"cn.tongdun.eventtrack.demo.LoginActivity","viewPath":"[LinearLayout[0], EditText[0]]"},Click
1522230486273,{"viewSize":"1080-126","viewID":"2131165310","text":"","pressure":"1.0","activity":"cn.tongdun.eventtrack.demo.LoginActivity","viewPath":"[LinearLayout[0], EditText[0]]"},Click
1522230488516,{"viewSize":"1080-126","viewID":"2131165310","text":"","pressure":"1.0","activity":"cn.tongdun.eventtrack.demo.LoginActivity","viewPath":"[LinearLayout[0], EditText[0]]"},Click
1522230490295,{"viewSize":"1080-126","viewID":"2131165310","text":"1","pressure":"1.0","activity":"cn.tongdun.eventtrack.demo.LoginActivity","viewPath":"[LinearLayout[0], EditText[0]]","startInputTime":"1522230490291","endInputTime":"1522230490295"},Input
1522230490302,{"viewSize":"1080-126","viewID":"2131165310","text":"12","pressure":"1.0","activity":"cn.tongdun.eventtrack.demo.LoginActivity","viewPath":"[LinearLayout[0], EditText[0]]","startInputTime":"1522230490291","endInputTime":"1522230490302"},Input
1522230490311,{"viewSize":"1080-126","viewID":"2131165310","text":"123","pressure":"1.0","activity":"cn.tongdun.eventtrack.demo.LoginActivity","viewPath":"[LinearLayout[0], EditText[0]]","startInputTime":"1522230490291","endInputTime":"1522230490311"},Input
1522230491927,{"viewSize":"1080-126","viewID":"2131165311","text":"","pressure":"1.0","activity":"cn.tongdun.eventtrack.demo.LoginActivity","viewPath":"[LinearLayout[0], EditText[1]]"},Click
1522230494116,{"viewSize":"1080-126","viewID":"2131165311","text":"","pressure":"1.0","activity":"cn.tongdun.eventtrack.demo.LoginActivity","viewPath":"[LinearLayout[0], EditText[1]]"},Click
1522230495937,{"viewSize":"1080-126","viewID":"2131165311","text":"1","pressure":"1.0","activity":"cn.tongdun.eventtrack.demo.LoginActivity","viewPath":"[LinearLayout[0], EditText[1]]","startInputTime":"1522230495935","endInputTime":"1522230495937"},Input
