<?xml version="1.0" encoding="UTF-8"?>

  <params>
    <inparams type="map">
      <inparam>
        <name>GEZZ00000011</name>
        <dName>GEZZ00000011</dName>
        <type>index</type>
        <defaultValue>-999</defaultValue>
        <datatype>double</datatype>
        <description>手机号关联到的365天内风险分的最大值</description>
      </inparam>
      <inparam>
        <name>BEAZ00100011</name>
        <dName>BEAZ00100011</dName>
        <type>index</type>
        <defaultValue>-999</defaultValue>
        <datatype>double</datatype>
        <description>手机号关联到的365天内全行业下贷款事件中的单日最大记录条数</description>
      </inparam>
      <inparam>
        <name>ACBZ03130011</name>
        <dName>ACBZ03130011</dName>
        <type>index</type>
        <defaultValue>-999</defaultValue>
        <datatype>double</datatype>
        <description>手机号关联到的365天内P2P网贷行业下贷款事件中的不同平台个数占相应时间下所有不同平台个数的比例</description>
      </inparam>
      <inparam>
        <name>ABZZ05100011</name>
        <dName>ABZZ05100011</dName>
        <type>index</type>
        <defaultValue>-999</defaultValue>
        <datatype>double</datatype>
        <description>手机号关联到的365天内贷款事件中的不同一级行业的个数</description>
      </inparam>
      <inparam>
        <name>CHZZ04138011</name>
        <dName>CHZZ04138011</dName>
        <type>index</type>
        <defaultValue>-999</defaultValue>
        <datatype>double</datatype>
        <description>手机号关联到的365天内消费金融行业下贷款事件中最后一条记录距测试时间的天数</description>
      </inparam>
      <inparam>
        <name>EAZZ29000011</name>
        <dName>EAZZ29000011</dName>
        <type>index</type>
        <defaultValue>-999</defaultValue>
        <datatype>double</datatype>
        <description>手机号关联到的365天内银行卡号字段出现的次数</description>
      </inparam>
      <inparam>
        <name>EBZZ25000011</name>
        <dName>EBZZ25000011</dName>
        <type>index</type>
        <defaultValue>-999</defaultValue>
        <datatype>double</datatype>
        <description>手机号关联到的365天内邮箱号的不同个数</description>
      </inparam>
      <inparam>
        <name>ABZZ03008081</name>
        <dName>ABZZ03008081</dName>
        <type>index</type>
        <defaultValue>-999</defaultValue>
        <datatype>double</datatype>
        <description>手机号关联到的180到365天内大金融(银行、保险、基金)行业下所有事件中的不同平台个数</description>
      </inparam>
      <inparam>
        <name>ACBZ03036011</name>
        <dName>ACBZ03036011</dName>
        <type>index</type>
        <defaultValue>-999</defaultValue>
        <datatype>double</datatype>
        <description>手机号关联到的365天内厂商汽车金融行业下所有事件中的不同平台个数占相应时间下所有不同平台个数的比例</description>
      </inparam>
      <inparam>
        <name>BAZZ01030010</name>
        <dName>BAZZ01030010</dName>
        <type>index</type>
        <defaultValue>-999</defaultValue>
        <datatype>double</datatype>
        <description>身份证关联到的365天内P2P网贷行业下所有事件中的记录条数</description>
      </inparam>
      <inparam>
        <name>EAZZ29000010</name>
        <dName>EAZZ29000010</dName>
        <type>index</type>
        <defaultValue>-999</defaultValue>
        <datatype>double</datatype>
        <description>身份证关联到的365天内银行卡号字段出现的次数</description>
      </inparam>
      <inparam>
        <name>EBZZ26000010</name>
        <dName>EBZZ26000010</dName>
        <type>index</type>
        <defaultValue>-999</defaultValue>
        <datatype>double</datatype>
        <description>身份证关联到的365天内手机号解析城市的不同个数</description>
      </inparam>
      <inparam>
        <name>id_number</name>
        <dName>id_number</dName>
        <type>field</type>
        <defaultValue>-999</defaultValue>
        <datatype>string</datatype>
        <description>身份证号</description>
      </inparam>
      <inparam>
        <name>id_age</name>
        <dName>id_age</dName>
        <type>field</type>
        <defaultValue>-999</defaultValue>
        <datatype>int</datatype>
        <description>身份证解析年龄</description>
      </inparam>
      <inparam>
        <name>ILZZ01000000</name>
        <dName>ILZZ01000000</dName>
        <type>index</type>
        <defaultValue>-999</defaultValue>
        <datatype>int</datatype>
        <description>身份证是否命中灰名单</description>
      </inparam>
      <inparam>
        <name>ILZZ00000000</name>
        <dName>ILZZ00000000</dName>
        <type>index</type>
        <defaultValue>-999</defaultValue>
        <datatype>int</datatype>
        <description>身份证是否命中逾期黑名单</description>
      </inparam>
      <inparam>
        <name>ILZZ01000001</name>
        <dName>ILZZ01000001</dName>
        <type>index</type>
        <defaultValue>-999</defaultValue>
        <datatype>int</datatype>
        <description>手机号是否命中灰名单</description>
      </inparam>
      <inparam>
        <name>ILZZ00000001</name>
        <dName>ILZZ00000001</dName>
        <type>index</type>
        <defaultValue>-999</defaultValue>
        <datatype>int</datatype>
        <description>手机号是否命中逾期黑名单</description>
      </inparam>
      <inparam>
        <name>y_latest_in_amt_min</name>
        <dName>y_latest_in_amt_min</dName>
        <type>field</type>
        <defaultValue>-999</defaultValue>
        <datatype>double</datatype>
        <description>经济能力评估信息</description>
      </inparam>
      <inparam>
        <name>assbalv9</name>
        <dName>assbalv9</dName>
        <type>field</type>
        <defaultValue>-999</defaultValue>
        <datatype>double</datatype>
        <description>线上资产变动最近12月月均日余额最大值</description>
      </inparam>
      <inparam>
        <name>YLZZ01000000</name>
        <dName>YLZZ01000000</dName>
        <type>index</type>
        <defaultValue>-999</defaultValue>
        <datatype>int</datatype>
        <description>身份证是否关联到工作单位</description>
      </inparam>
      <inparam>
        <name>YLZZ02000000</name>
        <dName>YLZZ02000000</dName>
        <type>index</type>
        <defaultValue>-999</defaultValue>
        <datatype>int</datatype>
        <description>身份证是否关联到银行卡号</description>
      </inparam>
      <inparam>
        <name>YLZZ03000000</name>
        <dName>YLZZ03000000</dName>
        <type>index</type>
        <defaultValue>-999</defaultValue>
        <datatype>int</datatype>
        <description>身份证是否关联到联系人手机号</description>
      </inparam>
      <inparam>
        <name>YLZZ04000000</name>
        <dName>YLZZ04000000</dName>
        <type>index</type>
        <defaultValue>-999</defaultValue>
        <datatype>int</datatype>
        <description>身份证是否与关联到的银行卡绑定手机号一致</description>
      </inparam>
      <inparam>
        <name>loan_term</name>
        <dName>loan_term</dName>
        <type>field</type>
        <defaultValue>-999</defaultValue>
        <datatype>double</datatype>
        <description>贷款期限(需结合贷款期限单位共同使用)</description>
      </inparam>
      <inparam>
        <name>loan_term_unit</name>
        <dName>loan_term_unit</dName>
        <type>field</type>
        <defaultValue>-999</defaultValue>
        <datatype>string</datatype>
        <description>贷款期限单位(MONTH/DAY)</description>
      </inparam>
      <inparam>
        <name>down_payment_percent</name>
        <dName>down_payment_percent</dName>
        <type>field</type>
        <defaultValue>-999</defaultValue>
        <datatype>double</datatype>
        <description>首付比例(如首付为20%,传入0.2)</description>
      </inparam>
      <inparam>
        <name>balance_payment_percent</name>
        <dName>balance_payment_percent</dName>
        <type>field</type>
        <defaultValue>-999</defaultValue>
        <datatype>double</datatype>
        <description>尾款比例(如尾款为20%,传入0.2)</description>
      </inparam>
      <inparam>
        <name>is_new_energy</name>
        <dName>is_new_energy</dName>
        <type>field</type>
        <defaultValue>-999</defaultValue>
        <datatype>int</datatype>
        <description>车辆是否为新能源车(1为是)</description>
      </inparam>
      <inparam>
        <name>is_new_car</name>
        <dName>is_new_car</dName>
        <type>field</type>
        <defaultValue>-999</defaultValue>
        <datatype>int</datatype>
        <description>车辆是否为新车(1为是)</description>
      </inparam>
      <inparam>
        <name>deal_price</name>
        <dName>deal_price</dName>
        <type>field</type>
        <defaultValue>-999</defaultValue>
        <datatype>double</datatype>
        <description>车辆最终成交价格</description>
      </inparam>
      <inparam>
        <name>marriage</name>
        <dName>marriage</dName>
        <type>field</type>
        <defaultValue>-999</defaultValue>
        <datatype>string</datatype>
        <description>婚姻状况(未婚/已婚/离异/丧偶/其他)</description>
      </inparam>
      <inparam>
        <name>guide_price</name>
        <dName>guide_price</dName>
        <type>field</type>
        <defaultValue>-999</defaultValue>
        <datatype>double</datatype>
        <description>车辆指导价格(单位元)</description>
      </inparam>
      <inparam>
        <name>is_car_popular</name>
        <dName>is_car_popular</dName>
        <type>field</type>
        <defaultValue>-999</defaultValue>
        <datatype>int</datatype>
        <description>车辆是否为大众车(1为是,由车型库数据传入)</description>
      </inparam>
      <inparam>
        <name>is_car_luxury</name>
        <dName>is_car_luxury</dName>
        <type>field</type>
        <defaultValue>-999</defaultValue>
        <datatype>int</datatype>
        <description>车辆是否为豪华车(1为是,由车型库数据传入)</description>
      </inparam>
    </inparams>

    <outparams type="map">
      <outparam>
        <datatype>int</datatype>
        <name>carfin_score</name>
        <dName>汽车金融分</dName>
        <description>汽车金融分</description>
      </outparam>
    </outparams>
  </params>