Time,Desc,Type
1522635242420,AppStatusFront,AppStatus
1522635243255,{"pressure":"1.0","text":"","viewPath":"[LinearLayout[0], EditText[0]]","viewSize":"720-96","viewID":"2131165310","activity":"cn.tongdun.eventtrack.demo.LoginActivity"},Click
1522635246706,{"pressure":"1.0","text":"","viewPath":"[LinearLayout[0], EditText[0]]","viewSize":"720-96","viewID":"2131165310","activity":"cn.tongdun.eventtrack.demo.LoginActivity"},Click
1522635249069,{"pressure":"1.0","text":"","viewPath":"[LinearLayout[0], EditText[0]]","viewSize":"720-96","viewID":"2131165310","activity":"cn.tongdun.eventtrack.demo.LoginActivity"},Click
1522635250868,{"pressure":"1.0","text":"1","viewPath":"[LinearLayout[0], EditText[0]]","viewSize":"720-96","viewID":"2131165310","activity":"cn.tongdun.eventtrack.demo.LoginActivity","startInputTime":"1522635250862","endInputTime":"1522635250866"},Input
1522635250883,{"pressure":"1.0","text":"12","viewPath":"[LinearLayout[0], EditText[0]]","viewSize":"720-96","viewID":"2131165310","activity":"cn.tongdun.eventtrack.demo.LoginActivity","startInputTime":"1522635250862","endInputTime":"1522635250882"},Input
1522635250908,{"pressure":"1.0","text":"123","viewPath":"[LinearLayout[0], EditText[0]]","viewSize":"720-96","viewID":"2131165310","activity":"cn.tongdun.eventtrack.demo.LoginActivity","startInputTime":"1522635250862","endInputTime":"1522635250907"},Input
1522635252622,{"pressure":"1.0","text":"","viewPath":"[LinearLayout[0], EditText[1]]","viewSize":"720-96","viewID":"2131165311","activity":"cn.tongdun.eventtrack.demo.LoginActivity"},Click
1522635254885,{"pressure":"1.0","text":"","viewPath":"[LinearLayout[0], EditText[1]]","viewSize":"720-96","viewID":"2131165311","activity":"cn.tongdun.eventtrack.demo.LoginActivity"},Click
1522635256664,{"pressure":"1.0","text":"1","viewPath":"[LinearLayout[0], EditText[1]]","viewSize":"720-96","viewID":"2131165311","activity":"cn.tongdun.eventtrack.demo.LoginActivity","startInputTime":"1522635256660","endInputTime":"1522635256663"},Input
