<?xml version='1.0' encoding='utf-8'?>
<params>
    <inparams type="map">
        <inparam>
            <name>eazz28000010</name>
            <dName></dName>
            <type>index</type>
            <defaultValue>-999</defaultValue>
            <datatype>double</datatype>
            <description>身份证关联到的365天内QQ号字段出现的次数</description>
        </inparam>
        <inparam>
            <name>chzz05001050</name>
            <dName></dName>
            <type>index</type>
            <defaultValue>-999</defaultValue>
            <datatype>double</datatype>
            <description>身份证关联到的30天内非银行类金融行业下所有事件中第一条记录距最后一条记录的天数</description>
        </inparam>
        <inparam>
            <name>acbz03238011</name>
            <dName></dName>
            <type>index</type>
            <defaultValue>-999</defaultValue>
            <datatype>double</datatype>
            <description>手机号关联到的365天内消费金融行业下注册事件中的不同平台个数占相应时间下所有不同平台个数的比例</description>
        </inparam>
        <inparam>
            <name>gcaz11000011</name>
            <dName></dName>
            <type>index</type>
            <defaultValue>-999</defaultValue>
            <datatype>double</datatype>
            <description>手机号关联到的365天内所有策略集中包含Accept的次数所占比例</description>
        </inparam>
        <inparam>
            <name>bebz00001101</name>
            <dName></dName>
            <type>index</type>
            <defaultValue>-999</defaultValue>
            <datatype>double</datatype>
            <description>手机号关联到的15天内非银行类金融行业下所有事件中的单日最大不同平台个数</description>
        </inparam>
        <inparam>
            <name>acbz03001011</name>
            <dName></dName>
            <type>index</type>
            <defaultValue>-999</defaultValue>
            <datatype>double</datatype>
            <description>手机号关联到的365天内非银行类金融行业下所有事件中的不同平台个数占相应时间下所有不同平台个数的比例</description>
        </inparam>
        <inparam>
            <name>gazz11000040</name>
            <dName></dName>
            <type>index</type>
            <defaultValue>-999</defaultValue>
            <datatype>double</datatype>
            <description>身份证关联到的60天内所有策略集中包含Accept的次数</description>
        </inparam>
        <inparam>
            <name>chzz04001050</name>
            <dName></dName>
            <type>index</type>
            <defaultValue>-999</defaultValue>
            <datatype>double</datatype>
            <description>身份证关联到的30天内非银行类金融行业下所有事件中最后一条记录距测试时间的天数</description>
        </inparam>
        <inparam>
            <name>abzz03132010</name>
            <dName></dName>
            <type>index</type>
            <defaultValue>-999</defaultValue>
            <datatype>double</datatype>
            <description>身份证关联到的365天内一般消费分期行业下贷款事件中的不同平台个数</description>
        </inparam>
        <inparam>
            <name>ebzz35000070</name>
            <dName></dName>
            <type>index</type>
            <defaultValue>-999</defaultValue>
            <datatype>double</datatype>
            <description>身份证关联到的90到180天内IP地址的不同个数</description>
        </inparam>
        <inparam>
            <name>chzz05138061</name>
            <dName></dName>
            <type>index</type>
            <defaultValue>-999</defaultValue>
            <datatype>double</datatype>
            <description>手机号关联到的30到90天内消费金融行业下贷款事件中第一条记录距最后一条记录的天数</description>
        </inparam>
        <inparam>
            <name>ebzz20000050</name>
            <dName></dName>
            <type>index</type>
            <defaultValue>-999</defaultValue>
            <datatype>double</datatype>
            <description>身份证关联到的30天内ip地址解析省份的不同个数</description>
        </inparam>
        <inparam>
            <name>abzz03132020</name>
            <dName></dName>
            <type>index</type>
            <defaultValue>-999</defaultValue>
            <datatype>double</datatype>
            <description>身份证关联到的180天内一般消费分期行业下贷款事件中的不同平台个数</description>
        </inparam>
        <inparam>
            <name>ebzz39000010</name>
            <dName></dName>
            <type>index</type>
            <defaultValue>-999</defaultValue>
            <datatype>double</datatype>
            <description>身份证关联到的365天内借记卡的不同个数</description>
        </inparam>
        <inparam>
            <name>eazz43000011</name>
            <dName></dName>
            <type>index</type>
            <defaultValue>-999</defaultValue>
            <datatype>double</datatype>
            <description>手机号关联到的365天内isroot字段出现的次数</description>
        </inparam>
        <inparam>
            <name>ebzz20000051</name>
            <dName></dName>
            <type>index</type>
            <defaultValue>-999</defaultValue>
            <datatype>double</datatype>
            <description>手机号关联到的30天内ip地址解析省份的不同个数</description>
        </inparam>
        <inparam>
            <name>abzz03132021</name>
            <dName></dName>
            <type>index</type>
            <defaultValue>-999</defaultValue>
            <datatype>double</datatype>
            <description>手机号关联到的180天内一般消费分期行业下贷款事件中的不同平台个数</description>
        </inparam>
        <inparam>
            <name>ebzz39000011</name>
            <dName></dName>
            <type>index</type>
            <defaultValue>-999</defaultValue>
            <datatype>double</datatype>
            <description>手机号关联到的365天内借记卡的不同个数</description>
        </inparam>
    </inparams>
    <outparams type="map">
        <outparam>
            <name>r_eazz28000010</name>
            <dName></dName>
            <datatype>string</datatype>
            <description>身份证关联到的365天内QQ号字段出现的次数</description>
        </outparam>
        <outparam>
            <name>r_chzz05001050</name>
            <dName></dName>
            <datatype>string</datatype>
            <description>身份证关联到的30天内非银行类金融行业下所有事件中第一条记录距最后一条记录的天数</description>
        </outparam>
        <outparam>
            <name>r_acbz03238011</name>
            <dName></dName>
            <datatype>string</datatype>
            <description>手机号关联到的365天内消费金融行业下注册事件中的不同平台个数占相应时间下所有不同平台个数的比例</description>
        </outparam>
        <outparam>
            <name>r_gcaz11000011</name>
            <dName></dName>
            <datatype>string</datatype>
            <description>手机号关联到的365天内所有策略集中包含Accept的次数所占比例</description>
        </outparam>
        <outparam>
            <name>r_bebz00001101</name>
            <dName></dName>
            <datatype>string</datatype>
            <description>手机号关联到的15天内非银行类金融行业下所有事件中的单日最大不同平台个数</description>
        </outparam>
        <outparam>
            <name>r_acbz03001011</name>
            <dName></dName>
            <datatype>string</datatype>
            <description>手机号关联到的365天内非银行类金融行业下所有事件中的不同平台个数占相应时间下所有不同平台个数的比例</description>
        </outparam>
        <outparam>
            <name>r_gazz11000040</name>
            <dName></dName>
            <datatype>string</datatype>
            <description>身份证关联到的60天内所有策略集中包含Accept的次数</description>
        </outparam>
        <outparam>
            <name>r_chzz04001050</name>
            <dName></dName>
            <datatype>string</datatype>
            <description>身份证关联到的30天内非银行类金融行业下所有事件中最后一条记录距测试时间的天数</description>
        </outparam>
        <outparam>
            <name>r_abzz03132010</name>
            <dName></dName>
            <datatype>string</datatype>
            <description>身份证关联到的365天内一般消费分期行业下贷款事件中的不同平台个数</description>
        </outparam>
        <outparam>
            <name>r_ebzz35000070</name>
            <dName></dName>
            <datatype>string</datatype>
            <description>身份证关联到的90到180天内IP地址的不同个数</description>
        </outparam>
        <outparam>
            <name>r_chzz05138061</name>
            <dName></dName>
            <datatype>string</datatype>
            <description>手机号关联到的30到90天内消费金融行业下贷款事件中第一条记录距最后一条记录的天数</description>
        </outparam>
        <outparam>
            <name>ext_r_ebzz2000005x</name>
            <dName></dName>
            <datatype>string</datatype>
            <description>身份证/手机号关联到的30天内ip地址解析省份的不同个数的较大值</description>
        </outparam>
        <outparam>
            <name>ext_r_abzz0313202y</name>
            <dName></dName>
            <datatype>string</datatype>
            <description>身份证/手机号关联到的180天内一般消费分期行业下贷款事件中的不同平台个数的差值</description>
        </outparam>
        <outparam>
            <name>ext_r_ebzz3900001x</name>
            <dName></dName>
            <datatype>string</datatype>
            <description>身份证/手机号关联到的365天内借记卡的不同个数的较大值</description>
        </outparam>
        <outparam>
            <name>r_eazz43000011</name>
            <dName></dName>
            <datatype>string</datatype>
            <description>手机号关联到的365天内isroot字段出现的次数</description>
        </outparam>
        <outparam>
            <name>credit_score</name>
            <dName></dName>
            <datatype>int</datatype>
            <description>模型总分</description>
        </outparam>
    </outparams>
</params>