<?xml version='1.0' encoding='utf-8'?>
<params>
    <inparams type="map">
        <inparam>
            <name>ZZZZ0005750</name>
            <dName> </dName>
            <type>index</type>
            <defaultValue>-999</defaultValue>
            <datatype>double</datatype>
            <description>身份证关联的是否首次在银行类平台借款</description>
        </inparam>
        <inparam>
            <name>ZZZZ0005760</name>
            <dName> </dName><type>index</type><defaultValue>-999</defaultValue><datatype>double</datatype><description>身份证关联的身份证中解析的省份</description>
        </inparam>
        <inparam><name>ZZZZ0005770</name><dName> </dName><type>index</type><defaultValue>-999</defaultValue><datatype>double</datatype>
            <description>身份证关联的30到90天内非银行类金融行业下货款事件中对于每一个平台发生在不同自然曰的个数的最大值</description>
        </inparam>
        <inparam><name>ZZZZ0005780</name><dName> </dName><type>index</type><defaultValue>-999</defaultValue><datatype>double</datatype>
            <description>身份证关联的365天内P2P网货行业下所有事件中不同平台的记录中间隔天数的最大值</description>
        </inparam>
        <inparam><name>ZZZZ0005790</name><dName> </dName><type>index</type><defaultValue>-999</defaultValue><datatype>double</datatype>
            <description>身份证关联的180天内是否获取root权限</description></inparam>
        <inparam><name>ZZZZ0005800</name><dName> </dName><type>index</type><defaultValue>-999</defaultValue><datatype>double</datatype>
            <description>身份证关联的30天内银行行业下货款事件中的不同平台个数占相应时间下所有不同平台个数的比例</description></inparam>
        <inparam><name>ZZZZ0005810</name><dName> </dName><type>index</type><defaultValue>-999</defaultValue><datatype>double</datatype>
            <description>身份证关联的180到365天内非银行类金融行业下所有事件中的不同平台个数</description></inparam>
        <inparam><name>ZZZZ0005830</name><dName> </dName><type>index</type><defaultValue>-999</defaultValue><datatype>double</datatype>
            <description>身份证中解析的性别</description></inparam>
        <inparam><name>ILZZ00000000</name><dName> </dName><type>index</type><defaultValue>-999</defaultValue><datatype>double</datatype>
            <description>身份证关联的身份证是否在申贷时间前命中黑名单中的逾期黑名单</description></inparam>
        <inparam><name>ILZZ01000000</name><dName> </dName><type>index</type><defaultValue>-999</defaultValue><datatype>double</datatype>
            <description>身份证关联的身份证是否在申贷时间前命灰名单</description></inparam>

        <inparam><name>ZZZZ0006081</name><dName> </dName><type>index</type><defaultValue>-999</defaultValue><datatype>double</datatype>
            <description>手机号关联的是否首次在银行类平台借款</description></inparam>
        <inparam><name>ZZZZ0006091</name><dName> </dName><type>index</type><defaultValue>-999</defaultValue><datatype>double</datatype>
            <description>手机号关联的手机号中解析的省份</description></inparam>
        <inparam><name>ZZZZ0006101</name><dName> </dName><type>index</type><defaultValue>-999</defaultValue><datatype>double</datatype>
            <description>手机号关联的365天内P2P网货行业下所有學件中发生在工作曰的次数的比例</description></inparam>
        <inparam><name>ZZZZ0006111</name><dName> </dName><type>index</type><defaultValue>-999</defaultValue><datatype>double</datatype>
            <description>手机号关联的365天内非银行类金融行ilk下货款學件中不同平台的记录中间隔天数的最大值</description></inparam>
        <inparam><name>ZZZZ0006121</name><dName> </dName><type>index</type><defaultValue>-999</defaultValue><datatype>double</datatype>
            <description>手机号关联的60天内P2P网货行业下所有事件中的记录条数占相应时间下所有记录条数的比例</description></inparam>
        <inparam><name>ZZZZ0006131</name><dName> </dName><type>index</type><defaultValue>-999</defaultValue><datatype>double</datatype>
            <description>手机号关联的180天内互联网金融门户行业下货款事件中所有记录的平均时长(相应时间除以记录条数加1)</description></inparam>
        <inparam><name>ZZZZ0006141</name><dName> </dName><type>index</type><defaultValue>-999</defaultValue><datatype>double</datatype>
            <description>手机号关联的180天内保险行业下货歆事件中所有记录的平均时长(相应时间除以记录条数加1)</description></inparam>
        <inparam><name>ZZZZ0006151</name><dName> </dName><type>index</type><defaultValue>-999</defaultValue><datatype>double</datatype>
            <description>手机号关联的180天内邮箱号的不同个数</description></inparam>
        <inparam><name>ZZZZ0006161</name><dName> </dName><type>index</type><defaultValue>-999</defaultValue><datatype>double</datatype>
            <description>手机号关联的365天内所有策略集中包含Accept的次数所占比例</description></inparam>
        <inparam><name>ZZZZ0006171</name><dName> </dName><type>index</type><defaultValue>-999</defaultValue><datatype>double</datatype>
            <description>手机号关联的90天内消费金融行ilk下货款學件中的记录条数占相应时间下所有记录条数的比例</description></inparam>
        <inparam><name>ZZZZ0006181</name><dName> </dName><type>index</type><defaultValue>-999</defaultValue><datatype>double</datatype>
            <description>手机号关联的30天内非银行类金融行ilk下所有事件中的不同平台个数占相应时间下所有不同平台个数的比例</description></inparam>
        <inparam><name>ILZZ00000001</name><dName> </dName><type>index</type><defaultValue>-999</defaultValue><datatype>double</datatype>
            <description>手机号关联的手机号是否在申贷时间前命中黑名单中的逾期黑名单</description></inparam>
        <inparam><name>ILZZ01000001</name><dName> </dName><type>index</type><defaultValue>-999</defaultValue><datatype>double</datatype>
            <description>手机号关联的手机号是否在申贷时间前命中灰名单</description></inparam>

    </inparams>
    <outparams type="map">
        <outparam>
            <name>score</name><dName> </dName><datatype>double</datatype>
            <description>银行分</description>
        </outparam>
    </outparams>
</params>
