Acctime_mean,Gyrtime_mean,Magtime_mean,Acctime_range,Gyrtime_range,Magtime_range,Acctime_skew,Gyrtime_skew,Magtime_skew,Acctime_kurt,Gyrtime_kurt,Magtime_kurt,Accfft_shape_mean,Gyrfft_shape_mean,Magfft_shape_mean,Accfft_shape_std,Gyrfft_shape_std,Magfft_shape_std,Accfft_shape_skew,Gyrfft_shape_skew,Magfft_shape_skew,Accfft_shape_kurt,Gyrfft_shape_kurt,Magfft_shape_kurt,Accfft_var,Gyrfft_var,Magfft_var,Accfft_skew,Gyrfft_skew,Magfft_skew,Accfft_kurt,Gyrfft_kurt,Magfft_kurt,Bot
15.1660807762356,82.11370896223356,44.210082534440694,13168.384730487285,2514175.624644986,2.345446288029467,7.241721831464773,618548.0504126528,1506.3771026716568,0.47562761767098644,-0.4505232273182709,11.091398745107576,64.14804808133776,248.95835103489557,7752.3135878758285,8.899945799180642e-07,0.09814012612324524,-1.000119063872718,0.0014870740466774196,0.0017266822,-4.892021356228604,24.659779022910328,15.588549855911333,74.42337259353347,-45.967242739556305,10548.898296526784,0.0004893659073935357,-0.07784584904671775,-0.5467781713054198,1.0031275875481451,0.05528856601099963,4.57786319558454,26.007455276303915,0
6.645653624611453,68.91269023062729,710.4190614010448,15945.56905631856,4091972589478.578,4.084296484929411,17.22795225270473,372968.2044020829,609157.4709096968,-0.4751582196688991,-1.834488332281131,8.357487510025207,92.12072544914409,856.7587417759074,20746.637202466045,2.445925960936309e-05,4.118220390774928,17.547527178150993,0.0008712717362903224,0.0017378742499999996,-0.24652512837322038,-1.948707840403656,13.921449238253015,74.4812643841443,232.89737533032036,10720.23723073303,0.0004823670747934006,1.4273807146809852,1.61359530865992,1.0021573579353868,0.028389934320999677,0.5929784724808442,1.4562600120342908,0
4.660334042790919,27.719690627351493,155.3028291083468,2205.674553926156,1383279085000.7102,1.965516246977717,2.738154876621029,124798.00479986441,609068.2791769739,1.519584510256146,0.323025069237608,4.87594528551547,26.571913433478315,139.34652538837508,760.9666752533263,6.101873280881756e-06,1.4923263620355638,0.9455082595853255,0.00023527121828205127,0.0015958672909999999,1.9998175711725135,2.11155307024233,9.6260181698016,30.42900716997801,-45.481001831975654,1493.4325995073043,6.567493977361229e-05,0.23057477224488038,-0.8262912194376923,1.0022245414618975,0.024133911256000062,1.9647409537085065,8.405124782362755,0
8.029716651900372,74.81005408835709,719.8113584342543,16983.505679439982,1256879463056.5127,1.720822990587034,1.6997563857553164,539631.972426341,608820.9933053725,-2.5073736647985108,4.4288218090022635,8.28093254831537,81.15368204369473,674.2017751185116,15709.728667293928,1.6247001245499216e-05,2.900215079600317,7.859708494960119,0.0011692028912419353,0.002057959057,-1.1412666618885268,-0.4734211926475278,14.424681883996884,78.44801151956158,72.03988566993442,11367.924901470418,0.00027559737947401686,0.5754338792837396,0.12199169393877529,1.0027810846715972,0.04347064030500014,1.619951933159544,11.407567549628155,0
6.876712202091112,68.97077092913882,684.6214399925251,15423.779195287472,3118819443160.8774,3.19504555354419,9.849109056418099,156986.79259113187,608954.7208875116,1.1334238538017423,-0.7402998507442247,7.24216078511878,75.25504278450457,778.9018091493567,17326.174648915632,1.8275200668476275e-05,3.0744142351714134,8.969058799113249,0.0003680074302096774,0.0016085917530000002,1.2398375939450292,-0.4718390518256186,14.983322155708677,77.96958559518755,-13.604362962770132,10994.290075834548,6.899902969557599e-05,-0.4462320392992386,-0.6254410891060473,1.0020767667097257,0.014066662155999943,-0.8416209437579143,1.15401621320883,0
6.697979468448553,68.97278975516367,704.1306717834582,15814.516065993475,4341183957616.35,4.39977797932988,19.61064946975226,274609.64917717414,608846.5822566994,0.19931821387124726,-2.0267408169325885,7.339130628423755,82.19187756138672,861.7378685754661,19287.82314906974,2.825712804931755e-05,4.239363656107406,18.43961193968199,0.0006440393344354839,0.0023115913099999996,0.49584147779368704,-1.6184165130195594,17.024291526420527,73.03052354360287,-110.62977867170373,10522.884467989368,0.0012955197224230343,1.1577483500454044,1.792111036053524,1.0011678586860484,0.07004863162300023,-1.08947366436368,9.422577649360381,0
5.975329970431914,49.02135361655202,394.6592058047684,7473.3353591994455,2024826185140.4985,2.5342325340465983,5.547498220228114,133797.2286710369,608608.2669928434,1.3940278541009137,-0.0607509603165135,5.973417681790325,46.2709147705044,365.46900947925144,5717.6749213698795,1.060200529248384e-05,2.1608160627984034,3.602547878381224,0.00027758670613999996,0.0016044576189999998,1.7212834147661704,1.0077232960588498,12.26355957578311,47.23087839629873,16.494800907856426,4092.8571964962175,0.00015662841317266515,0.26375355997073163,-1.205024015855445,1.00232837718796,0.022952679786999886,1.329160712981722,3.9153975049540835,0
14.4983144101769,68.5453332109595,127.94181708686665,10124.264751203016,3081852.3220113134,1.8330637029999735,3.80670748569075,608214.5413449676,1706.806881587021,0.5243486165238318,0.8286691108045954,15.87932724484215,92.49582103355002,-75.90899088092816,13514.855948075674,8.180753254815794e-07,1.0247142702896694,2.58073196009404,0.0014797106191290325,0.001769010259,-2.7388698970059773,11.159151882391772,16.20993393371674,68.47925993599317,-36.387940164775934,9145.15021828003,0.00023536487442131357,0.6516255365855341,0.44917588509536177,1.0017137638482096,0.034146076232000167,-2.222075303884634,11.131454795744396,0
6.772368637635552,68.99177142215198,699.626481192176,15714.1471585057,3415115877896.763,3.456838401010004,11.80645155952331,176565.7625399302,609077.1672776596,0.9469369257589528,-1.1411984176327241,7.155747794060865,73.19771261432143,726.6780811155475,15540.721273782889,1.9562894286451014e-05,3.2940858589102606,10.730233608029783,0.000411674375,0.0015958672909999999,1.064434709947817,-0.8626335086758026,15.188903229910737,72.3074811300997,48.86869233700356,10440.557306304423,0.0009005494459275693,0.9166753987524857,0.41893307937022506,1.0031114138365642,0.04269605452000025,-0.1341391509567328,1.5791979230805446,0
6.915462398684313,67.64545400595273,666.857861459605,14873.375750927002,2575851808122.436,2.775421682240187,6.966593596112837,129574.8419546777,608448.289557726,1.4366948975971863,0.06513702775002717,7.970318603098364,74.6930140514758,674.3788829069446,15365.610655731882,1.2354005513611586e-05,2.4109584171989393,5.106535326297045,0.0002694284149016393,0.0017162798579999998,1.7993331419782235,1.369614330399032,15.472912407451897,67.03768102024098,-15.316179270367467,8418.423441436467,0.0004267951941689162,0.34636236588686214,-0.5758303439987884,1.0022920423655084,0.0466729042349997,-1.7754360634211837,7.6230705597435815,0
5.242937852761566,36.92495532852081,257.18514227606244,4247.520104896645,1668184479581.2212,2.085776034338356,3.395729286868253,121518.27137341168,607943.175002244,1.5522282437399952,0.42635989129776375,5.1323297100230345,34.57494382813188,238.85264680765408,2652.9404777990057,9.738150039451992e-06,1.937490842516168,2.5448790517071966,0.00027788835617777776,0.0016520962410000002,1.7512965204806714,1.1276471075115029,11.315752561692749,38.392187879014635,-32.39388973230981,2612.3243183980344,0.0001368561560984471,0.49877464695502194,0.0036425606288408297,1.0031696786894,0.05276441033199997,4.630283397594743,27.46752478241551,0
6.704531773826536,68.9357369379097,703.5344809609218,15800.902283644513,3908992778520.641,3.886768085866124,15.444293056463145,215598.2734141182,608326.6060452249,0.6219307539162038,-1.6680955784822078,7.040142936022465,68.55727406754993,626.4837928932383,13071.625867596404,2.239929235463302e-05,3.6085248621927297,13.292523378662509,0.0004843029352741936,0.0016602042380000003,0.802273145695974,-1.3715326041182516,13.656067078893123,63.802562068426894,165.2675680020787,9209.921716675191,0.0004926492030338319,-0.04400235499402763,-0.9253492859031431,1.0024188845384192,0.05128351502199968,-1.4029296467047037,10.446068085106187,0
6.747919018603853,71.34847149181024,755.3686182542001,17304.111984643776,4172500376305.1235,4.057380875038665,16.965227655287936,376237.0904604519,608550.4587510142,-0.5023275962667291,-1.8060517230475452,7.174070362238984,76.86962075094895,772.4454165639677,17044.579577974855,2.753458814226727e-05,4.452476408257163,20.009124155447786,0.0008403894565238095,0.0017248040539999997,-0.2116985367506319,-1.9952376462858044,15.036141117820437,80.1096006220268,-11.45847814438313,11503.781476807808,0.0010154079532382402,-0.4178179603144871,-0.4257789422765934,0.986003829704603,1.0197979146990002,-7.902250586111767,62.62340220084894,0
6.707421363792928,68.98754176276192,703.7317500701538,15808.312427953832,3915811377193.9263,3.887637249262415,15.448369600744527,215771.0011365412,608914.5796326057,0.6219308954019498,-1.6680951876959371,7.397840378504003,78.1980159987637,752.0334766383461,16474.590466400077,2.2220283155027183e-05,3.646994044740269,13.384651240432504,0.00048268947343548375,0.0017846505299999999,0.815012222946115,-1.3301080285043205,14.496629955155251,68.00707933978019,26.179285306620258,8672.11176841527,0.0002901696696619764,0.7103430365296534,-0.2516406946049461,1.0035428695120805,0.02049738535699963,0.8263707630847131,1.0448298706341732,0
6.879698130348198,69.05044202577102,685.6722160976424,15452.607833853113,3115468631293.2896,3.1953153800701073,9.84986983098811,156897.68213220345,608584.6435383734,1.133423981370313,-0.7402993465138934,7.015258213674031,68.78506024628244,659.025914227194,13726.107944779791,1.7079110424885073e-05,2.9294076156010695,8.01362021505266,0.0003423987932903226,0.001599956741,1.3498454701017149,-0.17576970726956187,11.724759512026482,53.039785056265885,242.01406059502452,6946.008126437257,0.0007731146511021028,1.2106557446725037,0.8675599397679798,1.0030472071690808,0.03924448818000015,-0.6903308252936,4.66726686961932,0
6.8805468524643505,69.04991527914923,685.4608118656724,15447.627497328041,3115023817692.807,3.1953385316928014,9.850365165261968,156892.34380330445,608448.289557726,1.1334233610712183,-0.7403018007224795,7.138577155539351,71.20845714339842,666.6250096349233,13818.742893219453,1.757399787501794e-05,2.930768988333069,8.0019597013514,0.0003469086776612902,0.0017935057489999993,1.3605346078997491,-0.12442742084066838,14.952270079320582,77.14117973257456,-19.72340346587505,10796.583465963582,0.0010708831184838865,0.242824134931976,-0.955946183913718,1.0029805884024514,0.0880573632520002,-1.3586038835314733,17.941332678465752,0
6.77513466664878,69.06394076720147,700.8378393067936,15748.330539176854,3409675365141.341,3.4569088194243736,11.806603436268862,176428.20401270644,608165.2030654367,0.946936451288149,-1.1412000858308975,7.365131103371874,74.35558337489647,712.9033511456669,15650.74890051838,1.9012875881716477e-05,3.2101679796179154,9.979708294151058,0.0003931118120645161,0.0016583581369999999,1.1541570785579256,-0.664945484120234,14.798789339888016,67.33814026995287,39.5002032880357,9648.391426228858,0.0005710983956234761,0.6190362341576767,-0.5060829342842634,1.0034845215200807,0.04583873709100006,-0.3558014283444066,4.726770475459242,0
6.865260231779804,73.24091453760407,777.2679948709349,18007.99670603884,3985539970233.732,4.003924053421123,16.468575038504255,225574.29279056707,608784.5415221755,0.5475636245599957,-1.757968598362565,12.092193572312343,95.28256738488443,261.29254777628864,15218.696233622391,1.9126601210907935e-05,4.014339651067274,16.736488629201432,0.0005424017484516126,0.0052174090729999985,2.445212763389157,9.414071721001584,15.45485973972479,90.1145565271688,-134.40330970772436,13555.45127604037,0.00043248868117111823,-0.04237714816255655,0.238863700043336,1.0038245571685809,0.057429912964999885,-3.78858195396714,21.00501838957667,0
15.02443282394952,83.24221351649393,-38.26016860033466,13111.533924517731,1992131.8058783994,1.9514469375179015,5.404129699226505,607931.0595920016,1532.1097186709521,0.2892982652078019,0.03771834818565978,15.1544053639677,74.65307790308154,19.61544892171962,6613.128960311458,3.1574154398891084e-07,0.45888878573710973,-0.6196898612644621,0.0014722607979516127,0.0009106886399999997,-2.6444496398100137,8.936657908548051,13.984635821185432,60.70895472442317,72.24686471423158,7365.781607864501,0.0003227395735433424,0.45799767269453306,-0.39982228310554735,1.0039071302818712,0.03929415208499987,2.9121672563320375,15.944209370113652,0
5.467243347943573,40.05009758870875,286.48466361780316,4902.4935010147265,1835663394466.9521,2.3365105545168734,4.476674286868193,129326.80658074566,608391.970428817,1.4503694008081005,0.10624711040207035,5.882390645332646,42.93459164661283,291.37240603346083,3887.250844371306,8.816446202234232e-06,1.9569557674377502,2.6538943255347416,0.00025691331410638294,0.0015958672909999999,1.8207891207806268,1.3855698696076928,12.205529088635506,37.77620239416039,-39.83686041497959,2757.5561962564325,0.00011024756484380925,0.25660089625833843,-1.1035831885660559,1.0072759064304257,0.02335345086100049,2.3483631244444747,10.943064931858018,0
13.791134264118755,81.15392521461202,103.06980859481685,12941.064405968826,1751584.7824269764,1.7007969524137831,4.440347444933076,607885.6084174562,1395.487707405351,0.11375915145248229,-0.4807684678354014,16.82840429644334,76.24985543443718,-234.51117116141558,10065.70072838847,6.528732049303233e-07,0.14833419803185888,-0.7290827175231369,0.0014724015385000004,0.002307765274,4.296931812731724,30.30491795832188,13.751899444025595,62.22861757365231,92.32986389339544,8155.652388177582,0.0003982190291031883,0.09222834905350538,-1.077038601779712,1.0072920066728064,0.03715822076499964,2.2518669827492275,8.930416990524366,0
14.535952130736167,78.93297555122648,111.56114513637911,11524.858222470666,2248969.4298873884,1.4145307160760627,3.1216338414737823,607725.0774345496,1792.636058003176,0.12940873739333936,0.3081990461494435,15.006957748434017,72.6607981865638,-1.174076654841928,7027.858834597359,1.705023563823674e-07,1.3852933708564672,3.339722861496611,0.0015085662596451613,0.0007673340729999999,-0.14276451064638007,3.391551396163957,12.424600368887866,75.02596976694456,355.8571785032557,12765.491013185412,0.00037978296539094704,1.9849386533161408,5.43183943063223,0.9949867698527094,0.027554163886999605,1.3982286026661737,6.412068050946548,0
6.771554858526777,69.0182733829432,700.5917536545819,15737.097979173614,3410325791887.6875,3.4561107412333487,11.802654100391063,176433.64358644787,608689.9423625821,0.9469364460005552,-1.141200102292136,7.707394940101163,76.53627992992426,681.1044435935596,15515.569840850783,2.0295449205583536e-05,3.2286251793453524,10.034167023201869,0.00040507364316129033,0.002231035089,1.2259666556494129,-0.33338551994371457,15.96519215376737,63.5364264471901,-41.600495536320125,7997.336679143511,0.0005605798403887494,0.32729381633314086,-1.0978135532439666,1.0027679770128224,0.03340318594300018,0.035219837167175375,0.538156264925298,0
6.775397687008246,69.0609087704181,700.5044826229451,15738.763020276372,3410886875957.261,3.456744723684431,11.805873127454069,176457.78904984277,608346.144097996,0.9469361966029703,-1.1412009802004879,7.143533252281011,73.50819948271392,725.7077628526379,15501.37339627605,1.912093074211605e-05,3.1834280962233295,9.799738099878065,0.00038995919587096777,0.0016602042380000003,1.1496960966604886,-0.6781297368888834,14.468293782351049,72.22324373310525,54.666550034023025,9756.8680476475,0.0007201694729768353,0.736024899921524,-0.02523796128660072,1.0037349480830324,0.07887262536299988,-1.9610779867641457,18.258350443511496,0
6.878838684599915,69.05432590215071,686.1929796967235,15465.280082670484,3117936529097.614,3.1957889793444196,9.854280050694392,451252.6044828537,608959.85905003,-1.133418550690743,-0.7403078342926901,8.777986056604865,86.34549777741285,668.3207148488657,16494.836319001046,1.8399398348427365e-05,3.205141206957232,10.790806515427244,0.0010804690562741938,0.0027255064500000003,-0.6572061786836846,-0.7637690311848169,16.252974989969832,67.21125994859321,-71.60760641253242,8261.917668283131,0.0004567585621066538,0.2680914803908449,-0.9998649173234067,1.0031620233098713,0.040627758655000346,-2.0463415656237687,8.033381237712893,0
7.566531512288769,69.04515417772524,639.1266043940022,14337.52103754177,1502589533451.3328,1.9244982125200718,2.5305945891973325,529656.6634577655,608928.6436050913,-2.268421333635773,3.2495762529222856,7.993924475911694,82.44995975772257,792.3240175924424,18084.29903627635,1.346591680984503e-05,2.5843917215356464,5.6333988049827575,0.001260896792967742,0.0019117897490000004,-1.6560818916386812,0.9240118723729673,14.511303965987288,65.04874414832176,115.26927524548611,8773.58627070012,0.00038423510649736125,0.48114326751334846,-0.9844629659988855,1.004478785696242,0.027178750217000003,1.9198918548481472,5.780449366868826,0
6.869612707217196,73.29254472784451,777.510774036961,18018.74239890885,3983634845116.107,4.003942233555937,16.469486313021775,382438.39885045536,608565.0153292939,-0.5475603036341666,-1.7579723551844866,12.82307999130118,95.04430889913058,188.77159950290286,15097.751782364609,2.4099075775992178e-05,4.3627194174334285,19.638126546795863,0.0010113080861774194,0.008217158884999999,3.510155259022698,21.02834035607288,12.752022639785984,65.94773039071971,283.7139114794674,9454.456209538208,0.0015489415510956102,0.9656391559427043,0.041336845931232435,1.0034600494692578,0.07958797733099976,2.861084026268505,17.385668671969857,0
7.126836476911852,76.37545756422715,780.9411134489233,18344.63418501766,3840120225071.9976,3.750860588731425,14.314432157948815,401971.4187952061,608675.7366328584,-0.6986116216095435,-1.5634558077181102,7.74730439033115,78.30644920692696,665.1600626824857,15142.866026034353,2.4429648414588826e-05,4.181596940244965,17.790918925082952,0.0009523525449838711,0.0019842782130000004,-0.45850196731959847,-1.7168929889631306,15.475925334806146,63.31674153167649,-11.092672207723261,8182.298867257116,0.01585825825073989,0.7920047903394032,-0.15096011330360604,1.004997532534613,0.19113527395899998,1.7440244051235714,6.353008853122603,0
7.141577171398889,73.50999578252271,751.1476266650187,17500.283164008106,2931299331765.5674,3.074941477740678,8.96064632005295,147143.88436806574,608544.7390561649,1.235279435595068,-0.49098836151337455,7.196000684917818,73.60528051201979,739.5537802230017,15923.855547928531,1.795786551614409e-05,2.9460001232797617,8.072034315790974,0.0003520463362258064,0.0016583581369999999,1.348529914995991,-0.1814178965200477,15.171153419103385,76.37610927710786,19.02416194399668,10933.298392994422,0.00015325087425633804,0.5746728669557009,0.023993453160216394,1.0040830033030481,0.018499406046999955,-0.3586505436944822,1.4478456466897165,0
15.725465843541643,91.75740033062391,-126.35436296231963,15938.47109129284,2265676.288994085,1.1740962436555928,1.1065117036559728,608056.3374958687,1698.4556645620614,0.3671243304752593,0.09971061288347727,15.370689804715767,80.23393449201265,-52.13436595587217,10212.809253946853,1.8275641230855455e-07,-0.5672942917714516,-0.24237809019760315,0.0015568553282096765,0.0021640043869999995,6.806418183752446,50.52202656356261,15.3223026740676,66.91180439454594,-63.30147583613672,8560.402145640908,0.0004943634442836333,0.42939909117648756,-0.7155366959051634,1.0034429462435643,0.04964744408399968,1.869679728980149,12.069232482033623,0
3.1904186025162167,12.014802002996342,40.65225088712544,385.1953267924428,667927364727.4193,1.325532787816839,0.4514404072344318,126556.11604651122,607931.6113573554,1.5339578372188365,0.3773130656916024,3.6901371045933065,12.334783090387972,38.63045749312826,-1101.913100886367,1.79595074696086e-06,0.4243931842186216,-1.1084691987765256,0.00018548761658333335,0.0015401695009999998,2.4274332789892954,4.252759027179932,5.9494922452496315,12.671713965561938,-8.044783704384098,187.769217929161,6.288196469686575e-05,0.9405297304082065,0.1401263992565127,1.00470027181975,0.03647339508099956,3.5987451477257375,15.937737817551875,0
7.236338348235015,73.9374562513528,760.8916216559182,17725.34045662145,2547505970597.009,2.801250094818481,7.124990185386798,127373.21797226349,608178.8636889923,1.4619849138058691,0.14089236709834774,7.272842830079112,72.81740913588301,740.8367533965151,15978.587413343312,1.522869780222498e-05,2.629975080839188,6.114143634926323,0.00029908903614516135,0.0017266822,1.6142041518235228,0.6686415091670059,17.952123644074486,75.286115910485,-312.5192328724589,12087.833100392609,0.0044772049908075465,0.0981212333403404,-1.360390566941003,1.0046181237349192,0.24490472804599983,4.994619812860894,39.109928244288774,0
7.140341380739442,73.51908952282405,751.6454340347102,17511.98420892836,2925349203348.4917,3.075000805319674,8.959127833613444,460550.8516820055,608520.4330389451,-1.2352744987536721,-0.49099544523641914,8.53919784495322,88.21484761150546,731.895876220741,17914.039421709946,1.7760727422487937e-05,3.1369082298868878,9.395203465339405,0.001055915816903226,0.001599956741,-0.9182377325089098,-1.0838110503509046,16.404621461530574,71.34907707371676,-134.006758144109,10218.503956897568,0.0039350731203839,0.19929434005822858,-0.9612821455262806,1.0030927403252743,0.15773488821299997,1.8874920401958253,18.14270149172186,0
6.8608580783417485,73.22306574848808,776.7327357898765,17977.10413994072,4275691849606.351,4.349746584398388,19.30965560574487,343470.7379573149,608999.8636858461,-0.26673508845738797,-1.994273107254822,7.946375950850194,88.75829691210853,867.056800160323,20347.43343191366,2.9654133572068646e-05,4.606079277247521,20.956299197524935,0.0008390012453064515,0.002091125572,-0.06957634058071431,-1.956098503494928,15.241521207159833,79.49634303265321,-69.65152481699099,11329.28619585423,0.00041123959004864323,0.5454457551975629,-0.17714929290915826,1.0052833820540323,0.04904045448100036,-0.22994291294022748,13.37371969859384,0
7.235423037764333,73.92798957028349,760.7139816363907,17721.134023676444,2554408688557.22,2.8030899869174375,7.1342117369557325,480716.3485413595,608898.3053575899,-1.4619780914143097,0.14087664035603353,7.615519554145269,77.04895553924622,738.6055365823709,16534.376494015167,1.749815779871194e-05,3.03124678301739,8.870872949457972,0.001138582966935484,0.001664266037,-1.1630268276820515,-0.5777320873136866,16.200418969550007,66.61973175167411,-177.39604326972096,9212.314752899112,0.00028186245743827527,1.0846400248660082,0.6174833668094974,1.0030190414721936,0.0327594336289998,0.21083892141042576,5.617604379368247,0
6.120128755220869,52.55356744949511,446.91301547166546,8728.099691873938,2292792319208.838,2.650239217020421,6.281419895119049,135223.68371866576,608911.8349248585,1.374794551182341,-0.1156220358791229,7.276795283057006,60.35691944082816,442.4962650927062,8462.568650633086,1.003890189953246e-05,2.3325362676224253,4.616782548860923,0.00026917347638888883,0.0016583581369999999,1.7421768394000041,1.151648624170948,14.337650587548943,60.61900887326031,-111.31242847825268,7093.723670981492,0.002611447782461729,-0.12535567565219696,-0.29884119875907,1.005205465506685,0.16358409496700022,4.350571610399901,29.836662945510128,0
6.644089207310715,68.93492924215033,710.5500659970959,15950.884127282869,4228423656326.0576,4.257999560610365,18.66147968509405,353139.5782417482,608923.482871596,-0.3350185966177855,-1.951812904904028,7.726538663090917,81.86561797832638,756.7382503692553,16931.88117159328,2.537373437910776e-05,4.245633950630685,18.630957552844386,0.0008204724655967745,0.0017266822,-0.14640045605960686,-1.9909969084256045,16.780876124531957,60.79445127031886,-77.62389763343084,8069.056057609878,0.00196781791525339,0.7819606639997008,0.48941308337240175,1.0037697453594356,0.06671780113799974,2.773482099337998,9.88729874021887,0
4.816176918807491,30.747234652285265,190.34006251826838,2873.3547785020764,1583882166009.871,2.173860553851534,3.6701587160753677,133553.36033772273,609204.3125152444,1.4073093343336098,-0.023044354022495384,4.882415995394452,29.82825143774585,179.38241863209055,1462.2017888425644,8.110137521678012e-06,1.7213836269501994,1.70500720407711,0.0002662865875121951,0.0017307035839999997,1.8310598791910606,1.4480612299041575,10.257189673536848,34.134516690662274,-48.537697302106174,2119.2434077192106,0.0016023676619655563,0.7657269173260316,0.03474241957326596,1.0008011701691706,0.1492086734289999,-2.3402231842722903,16.772518224552005,0
15.395910043274894,73.75952733235654,140.8170244607209,11091.743510464546,2006358.5922669542,1.3575498977758578,2.3192522140461955,608071.7709481892,1418.3492171335965,0.8456583188854228,0.643904403861137,15.222051040258592,80.50072557440956,23.063249423552868,9171.29139476503,6.601753053866676e-07,0.7732174519978737,-0.0031845319840093644,0.001497564367967742,0.0017474959519999998,-2.2841413037586498,10.002008740596468,16.186144293480922,74.77933539853888,-144.0666511816196,10761.338615251529,0.003131917163872516,0.39708727752055956,-1.074446361231027,1.0032731841133549,0.2026936135370001,4.915226519871994,37.82946950176972,0
6.947984214569344,69.18416734236659,689.5183337412682,15484.35175298147,2759711658774.9546,2.935506881107294,8.016584914208154,137404.45562577376,608792.8838322976,1.3443242568269573,-0.20031444164191337,7.750900518895948,75.53171085756375,640.4178597311699,14212.783650170446,1.515811620938377e-05,2.8288157448160143,7.263519240111062,0.000313603696516129,0.001664266037,1.5044265488582396,0.3216399074643359,16.260740057385185,73.08911179571997,-191.19219939984123,10651.180875307236,0.0016924075356188777,0.23459201891111106,-0.3940393751876563,1.0038608206070643,0.11040237160800015,0.6940971104312769,16.656820175086846,0
6.705189914275139,68.94736551112454,703.4637645486815,15798.76039386707,3919762320326.7026,3.8874343448365334,15.447293635425222,215887.18567931786,608832.0166326467,0.6219295786306585,-1.6680988242058707,6.979163960162249,72.51908481228853,749.6375384488488,16339.734500065939,2.3235411769338787e-05,3.657211824536228,13.468537758521567,0.000492012898016129,0.0016709930510000002,0.7902490598961477,-1.4046098500393742,17.07688670441158,69.68382445298909,-217.31138931896294,10777.254648976643,0.0009444900209012929,0.02929750840690238,-0.7946200384062192,1.0029033273524677,0.08474692679600004,-2.910501688371454,20.654404265077602,0
4.054705541756141,20.784244699865326,99.6744918460654,1235.996529187293,1090521179367.2561,1.8356330699211478,2.18117142211823,133065.24248123966,608684.871568537,1.4285272139141052,0.03910087784529992,6.944989281709055,23.55768977552383,12.062679533707291,627.0175813849182,4.310945713352487e-06,1.560481954532916,1.6397820495407514,0.00048445364621875,0.009157564649,4.840025857686808,25.233378317606274,8.947773730605139,21.759487908009575,-45.61833413575299,786.6736514435133,7.519322084294035e-05,0.723317054688562,-0.04827767398670968,1.0028438667926876,0.021911507125999874,1.0952166295633883,5.431253906862608,0
6.8668445673545495,73.2868135999373,776.9661894429103,17987.56431807502,4276122358456.521,4.349097750751231,19.30573790349965,343542.68806776736,609332.5480035713,-0.2667354018851713,-1.994273378626819,7.806825977817457,79.96829910851368,666.9408808850693,15169.901406316187,2.664678713927113e-05,4.573873565619168,20.6959295998252,0.0007983774000806448,0.0016583581369999999,-0.09239783488943767,-2.0235528769725355,15.105627324600274,87.7110015916144,-82.45231361864354,13075.957907040944,0.00018406387482871082,-0.24046160889779278,-0.9633884533480406,1.0046213078718709,0.04325413660999988,-4.414275947056522,26.990503702789717,0
6.807140348265194,68.87599902952117,680.2923103279478,15381.328207847419,3717450312867.034,3.661122891178915,13.49170528772154,196263.4195867339,609093.9990357388,0.7780245681906681,-1.4422838799012623,6.910774842566783,70.79077149954048,715.1874589104877,15354.298858788663,2.155445736075127e-05,3.4816665851401116,11.917505071966412,0.00044421470501612893,0.0016616366610000002,0.9562928089872514,-1.1086019723426426,16.42917539172354,75.0109768493023,-186.726865129479,11067.455046389123,0.0009755472697969991,0.6587930169444003,-0.2108993447963181,1.0045566888549997,0.07457220194000014,1.69660027314873,10.468423106057138,0
4.378889375033202,24.662650072768237,131.66409113285238,1770.2323505440088,1354336252491.417,1.9882034644209343,2.8158069371329475,131504.37660463492,608829.7251852034,1.4376723747405087,0.06755454231312896,4.602380492595804,24.755470078622874,127.57882385002512,447.44843060695877,5.924776539458502e-06,1.5099710323633635,0.9477402244090212,0.00024349681421621623,0.0015401695009999998,1.9172584848787275,1.779738538880741,8.203496684619832,21.861147582259466,-10.711011154867906,935.902762249478,0.00014541821292231907,0.47811898406426395,-0.4584508192854879,0.9999444406532705,0.03476857580199999,2.563045484391545,11.857167331579781,0
7.5774930151433155,69.12940758245402,638.7099504464131,14339.664540895434,1502378445655.3254,1.9259223562749779,2.533143623585155,529954.6880526409,609281.4117710101,-2.268419597484035,3.249571770214559,8.312275182964807,80.5806556137038,732.5064915292561,17044.52563623406,1.1418534426911726e-05,2.308280839611567,4.217470434672551,0.001260080167548387,0.0016709930510000002,-1.7256067536774748,1.2104154811535897,16.600779532219818,77.33437696949309,-189.42989217799376,11546.048043360921,0.0009225561305033965,-0.4608434499693289,-0.297728195654984,1.0030472598012259,0.07857793239599997,-1.8638364836321935,11.130215956085413,0
6.70629240575631,68.95017059481751,703.467330671408,15800.318160730196,3917969825819.5996,3.885022601292162,15.429980446910779,392465.01908997196,609051.3839898445,-0.621925709115398,-1.6681003333827389,8.193838469554063,83.86995734048958,721.8365832846828,17155.637430205777,2.2811010532944426e-05,4.1807569071711095,17.881400363691345,0.0009036198262741937,0.0018706901559999998,-0.37508553540106326,-1.8230667096593456,13.288371141546932,68.59514490374153,98.4446158034415,9323.953081728343,0.0013479292583585755,0.7903852435180442,-0.14673061792491993,1.0017690388396772,0.058017581444000155,-2.133296024028514,8.133607361224719,0
7.018414709887853,73.6687708916767,771.8387783656759,17901.965224332354,3248481044237.812,3.3467731191123433,10.925844194782746,441460.88684812374,609230.3673829371,-1.0376118041445779,-0.9552435222070468,7.849100033424519,80.13989841010076,732.4620222170827,16610.57747721853,2.0634104566273943e-05,3.3405752748605066,11.234604103143518,0.0010282819069032262,0.0016085917530000002,-0.7618868875654522,-1.416539776174155,14.005409026037967,74.61841363655425,92.76804700967755,10578.009639591615,0.0013834167176361544,0.5004677372966874,-0.6491897939042204,1.0042833034959353,0.07607904751499994,1.8302318839897098,10.908801313505727,0
6.938436118696158,68.56549099333294,638.7848344895988,14634.569655541403,4479389730913.909,4.4345542756963745,19.60726340402558,294333.84211776924,609050.5806801353,0.06616358431983219,-2.063269731436637,8.026062966804226,94.49197055261547,988.4510713057791,23770.907317965066,2.8968442101327045e-05,4.500521982845786,20.469290446238343,0.0007071395757580646,0.002091125572,0.29016371232246163,-1.8479113314348277,17.30893234297482,67.54460597571169,-155.84760979241287,9231.861897555322,0.0009112585472587496,0.6405399957558551,-0.16347191501320602,1.0004076470279355,0.06515514997199989,2.6605563916774275,12.83509021706725,0
2.5619521860334564,8.496612535052517,24.638373299960797,193.20486580147505,674667712464.5067,1.222003136107531,0.414531039355297,152077.6890588525,608474.564811459,1.250514417884509,-0.4967314681766988,2.936024507786716,8.304769468866333,22.155630745793783,-1282.7124139078674,1.8972831556837367e-06,0.4868619104617925,-1.134237918734269,0.00022999625235,0.001533901022,2.1230614662286014,2.7758665806184384,5.2975438935066945,6.747680625173578,-4.4337333435100845,58.39220774207045,0.0008872449565597428,-0.6066946408661816,-1.0663908427129123,0.9998987741939003,0.11917977352399967,-1.7420216467788736,9.399655557937658,0
6.698337393235103,68.96472639326444,704.1571796933573,15818.00904608043,4345509776593.888,4.399633813957234,19.609554907190304,333638.56475909165,609281.4117710101,-0.19931295262594093,-2.0267416373347587,7.107228997986177,71.404557757764,679.3253479332004,14852.475577995692,2.7087796915424303e-05,4.437842276493518,19.64524683400833,0.0007245121299032258,0.0017266822,0.08535574804221134,-2.0330817308448763,18.15651324537678,66.67229243056539,-283.18389694771736,10159.274285907728,0.00048204680929815787,0.5466589517800547,0.1261049986557521,1.0061885086285967,0.057279044863999595,-1.3007995225156734,18.5939883050345,0
16.50990454267416,75.78035146838813,-196.25591378575282,11848.863470750983,2300477.728270122,2.4599373432195706,8.533332311806923,608285.5562760828,1498.1774884590413,0.03950121394568981,-0.42109657452165905,14.649088437240545,76.7611719829323,-64.76783304778274,9964.301960747116,5.6982710029855395e-06,0.3182788929334237,-0.5511862271539916,0.0016276355061451613,0.004445361556999999,4.348813669377143,22.166050223770906,15.65793997007407,66.01159033164046,-53.47642111161308,8754.633766430212,0.0024416021713396146,0.15325102559178808,-1.1072554056120942,1.004888183340145,0.08053216327800006,4.271091111520778,20.89742611974421,0
12.727510212616652,79.43752650431878,187.92488305126003,12760.123502298913,1152429.118861441,0.9598127355834043,1.83854532070752,608433.7039446087,1598.6559153378475,0.13228556598599073,1.767473493464283,15.261875567602026,76.76516753731713,41.326300081179376,7098.248183206888,2.4673423516966493e-07,0.6085547957426461,-0.4186031657990883,0.001487205820612903,0.0011015300340000002,-4.482666173312674,26.841550654472506,15.536871068554664,74.282244711458,-85.11072856548078,10224.38935937101,0.0002011844523409328,0.08615927351754069,-0.7965901342315611,1.0050088269426936,0.05171884779300051,5.632402111553181,39.93859467787419,0
13.434921842771937,69.07725444060802,108.78374693899059,9898.953528098182,1874341.968857804,2.617387073167928,9.390841521076197,609413.7665534806,1245.634506246657,0.2635989269042549,-0.5796592593452914,12.467615872237655,90.76272559694372,377.54889514018475,14548.399643210847,1.516468904815137e-06,0.9716534775557075,1.86177712070426,0.0015123471685645153,0.002313462291,-2.1446082127395374,11.850161902800261,16.915937439326257,74.45616408839838,-188.26800739495056,10951.769460962529,0.0002707820508077232,0.11819210989596754,-0.11593186754548368,1.0031249105239355,0.05081930139900004,-4.026907248255029,28.26568438770175,0
6.912302547899602,67.60819238031853,666.8602504480439,14872.130471222103,2586539155768.219,2.7754886639069145,6.966172315723117,129834.60205080766,609795.569569356,1.436695450255553,0.06513962338163726,7.263500932288491,69.44344752921624,661.2820533087729,13977.103455042097,1.3450757814020344e-05,2.466979125768509,5.182149863748547,0.00027472956116393447,0.0016044576189999998,1.710413009111941,0.9652846351695548,14.49233836695322,63.276812753780185,-54.32766350227504,7912.962957862227,0.00011113098345200043,0.6389562847634049,0.014377867423615687,1.0032814695705081,0.017245402925999853,0.94877253769586,4.47076208142047,0
6.982690455694975,73.26142749420559,757.1942697277944,17550.761382827102,4401907669780.072,4.455235774090252,19.875678216990178,285103.24912767066,610069.2564974775,0.13253133097060296,-2.049644081346065,7.745313813118037,86.80409397323976,841.0943496210031,19270.935314421702,2.8181667319410254e-05,4.413006912667246,19.81357029962258,0.0006796535347580647,0.0019957678799999994,0.33809429180761935,-1.8526342075594626,18.239962955383117,79.46444628857452,-357.9059766918568,13757.363980230837,0.002317537473654787,0.45991891675648205,-0.5683249741429868,1.0015943535207095,0.08915905061099993,-1.4500443105221261,8.463350318306858,0
2.316932860837451,6.017164922908139,13.13689298722563,87.56022808716983,486239576064.62427,0.9319891892467398,-0.5202894691543021,128228.38409286486,609584.875015812,1.5448336755914083,0.41912803607069016,2.765946828986352,4.66224212097539,4.73104267827207,-1584.820824381818,7.933109603093032e-07,-0.41543219931003383,-1.1634677051022662,0.0001561690537368421,0.0015384063149999998,2.8065264195899546,6.580617466882822,4.7133813322373985,5.389172891436017,-4.050667069184567,-12.622854120652296,0.00019842113013002346,-0.4242564386575073,-1.31372133416215,0.9962214423054209,0.05148685568,-2.526969679437159,9.662273663459736,0
7.104917008907103,69.18812073547103,673.4024827822877,15157.295586725137,2382666161517.88,2.6318741147685367,6.123339851193487,491234.69449725875,609997.5824641255,-1.5900679443269379,0.5448545267567488,7.526311224202531,76.89657709594618,735.9880918579465,16587.366296276352,2.110157226435241e-05,3.4126520760241257,11.351575841107008,0.0011319415979999998,0.002173192588,-0.9583812135171598,-0.9532928207706561,15.837130978138847,84.54108194344064,-114.32132659668362,12273.995014343513,0.0038099556067616542,0.0336098008162915,-0.9815746693352341,1.0008679001678065,0.22080233342099997,-4.356570554628422,34.43643164402895,0
6.972919193043662,73.64182812804908,775.8161521506254,18017.77378391317,3557287955940.3887,3.5849738215967593,12.78615388773951,186771.30802339106,610213.951217494,0.8606177081147386,-1.3024298330098578,6.345819408236978,65.38872501431239,717.3609677379236,14904.61256524451,2.04238531343558e-05,3.316852452177198,10.556054267035119,0.0004077773910806452,0.0016602042380000003,1.0844448788805896,-0.8079284569864371,16.117520685273,74.14893662633145,-123.47726668853569,11088.196849281465,0.0005202291412343066,0.7797101983127415,0.7535478554349369,1.0027344857558065,0.04301477689800004,0.3325529707319214,5.717016918734464,0
6.694494558824492,68.90993552478383,703.5562542576276,15796.101944614158,4357710792275.3433,4.398735471283186,19.603193129220593,334088.2750305603,610344.7728267363,-0.19931397956158697,-2.026742671631211,7.594675554512755,75.7816738883699,674.839984945704,15343.1564172008,2.7488148779200465e-05,4.4153024783802906,19.565803203992203,0.0007823677598225806,0.002088991601,-0.0005907263587831791,-1.9680749989718322,18.497499239564046,64.68526370318322,-195.9836383528518,8755.801715578056,0.0020637975229183666,0.3591083070801073,-1.009634947566229,1.0007285699461284,0.06556053358599956,2.160274080518113,9.134450472016535,0
2.8949534862073087,10.078210157285723,31.11623200609114,271.1805020536443,651285260115.8589,1.3536373141063502,0.5208940015439585,138459.85351339064,609380.6563273984,1.3988232059496177,-0.05721277275950154,3.296934459218528,10.127713689702189,29.499361495482532,-1104.6119788891708,2.1395341665557456e-06,0.46591294533502564,-1.1374543215219417,0.00022125320013636362,0.001669102254,2.2798555891320356,3.5147954852791434,5.224644991571986,9.400969003157869,-7.716225892533217,-37.01158748065467,2.696463088201884e-05,-0.12342840371871608,-0.9223151956679674,1.0020027038357273,0.011950459523999868,-0.022779386007235107,-0.9445723814455231,0
6.931151021872589,68.46322824166074,637.9575348787558,14607.01292630686,4491042759574.586,4.434616757104023,19.60804186097769,294687.7267527223,609699.2089465116,0.06616298740162446,-2.0632706572160466,7.824938970750906,82.04145954129743,746.1743112930598,17146.363310628025,2.577739730533606e-05,4.483417763604173,20.184605733690226,0.0006820516850161289,0.0018821091759999996,0.22780561385030054,-1.9676572870422804,15.209024373231681,60.32106941650948,-23.809437012646317,7839.137430818392,0.0004258231609755586,0.8013518444704579,-0.09206670124813687,1.0018129055177578,0.030865294676999944,-0.07989369983712834,2.123000915130056,0
15.023506483134195,81.81559408582692,-33.62841879495885,12236.690197870932,1745170.4621985115,0.7956227926133691,0.3713115999881511,609169.0826751239,1470.284593662247,0.24357124614649953,-0.2992250060778079,15.454874726030136,83.9015800212244,0.3494452304603021,11764.981111269983,9.70712102466145e-07,-0.14917853368989037,-0.9354282035230641,0.0015012217734032263,0.002464281898,3.1841298393281434,17.019997692942965,16.841195607762025,61.32108354379057,-95.57275423527535,7875.86306280237,0.003595836838289411,0.4562256480951714,-0.9232734951689334,1.0043131522410162,0.12362027635499973,2.6216048162287997,14.748517247176975,0
13.612973276708358,65.15068122431948,85.94236795369642,9263.633876256457,2596167.916253545,2.3052195407485736,6.9396995198433,609047.4491913689,1637.478923391318,0.0854559764243539,-0.1770037878457651,15.19388652291342,76.74934741324027,-10.263197919558028,9465.43076752354,8.095359524447861e-07,-0.33999094678301234,-0.4027921376441963,0.0015834212467903226,0.002170459556,5.055205611646494,28.602852120844798,15.144891338572313,82.65534920350669,-18.756852729455108,11843.28811682067,0.00021824319216988576,0.70680631029384,0.24869301658510778,1.0021774014263714,0.023671522465999906,-0.25400822296166964,0.7790162521340638,0
15.661000409224966,82.02197111685194,-117.99545887380359,12939.005258609299,1527751.4080115866,1.1495692366821264,2.1041544016107476,608870.8324663858,1231.1877553634113,-0.02781081753339776,-0.7081645289836787,16.072426032692984,79.96030706549156,-135.02475043606572,9704.329800525014,3.808309791539251e-07,0.5401939904145545,-0.0829809107941264,0.0015347078652419358,0.0013095640999999999,0.23558339757621766,7.008871606386224,14.776096161450939,63.1788744761485,52.562780305754664,8558.917585310071,0.00037083567802095955,0.46866378786839624,-0.11371343851338667,1.0024446493306611,0.049369870644999425,-4.117931765775177,26.606641297995992,0
7.235944335919946,73.9710249341445,761.6627082298891,17744.40446659688,2561895681612.107,2.8014573967601564,7.124853889555707,127717.7679330433,609570.7343658906,1.461984495161692,0.14089037529562365,7.5707517523996914,74.64811108886153,728.931751284291,16047.814642127101,1.2524925765968632e-05,2.498219796058259,5.336686832766304,0.0002627108749516129,0.0015958672909999999,1.7403917170153915,1.079508379958941,16.25090786616914,71.41635422035056,-112.55506059286223,9903.580464037006,6.618871980805768e-05,0.7074043758454086,0.08201722833734681,1.0025369272154838,0.011426325194999754,0.010772613685230024,0.2822985801800457,0
6.750003950983784,71.42278803828056,756.6295472370311,17336.062131777973,4188681920841.4272,4.057132839712936,16.964644618748967,231980.79923332503,609514.3005336194,0.5023323049192671,-1.8060486740817479,7.334664599372514,78.43212377347001,792.1434680567988,17834.567834821686,2.4537078216783408e-05,3.8789566842504586,15.315710247864079,0.0005299538420634921,0.0016217089479999998,0.6579746008371471,-1.6053425567801842,15.328559759970794,66.63284412896961,-49.7519398072303,8356.748467835383,0.0005113436293367078,1.9200123443537278,3.56996055766455,0.9985774128537462,0.026984952044999844,-0.18409311874643217,1.1395718286927856,0
4.816239224445559,30.764786441730937,190.6316875434865,2878.2181371473034,1563170078923.318,2.1738891768923008,3.6698887219605147,132668.20587753825,604690.0429739772,1.4073078387679263,-0.023051410806851358,5.219205848797395,29.554830988031036,180.17468060014158,1430.990676792267,4.804561825118002e-06,1.2009051193087867,0.015463340678151472,0.0001834787069512195,0.0015491739739999998,2.404451869606975,3.9840851298951017,10.449614037325386,26.989833352662018,-21.572333059025052,1478.0491044164778,0.0009321944924445966,0.5068631142070581,-0.36103678933805083,1.0018999695004878,0.09009004072599991,3.003913432969589,15.54710147422614,0
6.937085939443109,68.55654944836631,638.5637481473441,14626.046457513192,4426967992009.381,4.435586766289079,19.61545223262461,292594.1702439826,605299.6969679423,0.06616243563573036,-2.0632715124075762,8.049894850939411,83.89710383442458,777.0116671163296,18662.172145204204,2.6869486657561122e-05,4.565464365715221,20.695763234426384,0.0007168623505161289,0.0017162798579999998,0.16392980236886434,-2.009529200465385,17.605805116122095,62.15841799008067,-159.14326995845187,8463.930986978467,0.002966943594589101,0.235207552661156,-0.8201459127709207,1.002213536163387,0.11237148251000029,-0.9461526082837757,7.5673568027089875,0
5.690332963494604,42.20442398003252,302.54631626871696,5323.08031524088,1588786794358.902,2.1768912955271147,3.701006370857237,118170.193776051,604577.2754556295,1.586604487620557,0.5388313713867925,6.779099866644813,48.87538208239274,276.88859572071067,4494.953761789824,8.643103327942992e-06,2.2253381768414675,4.087922990634197,0.000292610029673913,0.0020823836340000002,1.7010013268574875,1.2133399243403686,11.212604845917337,37.5706379131624,-20.995607676991725,2653.3454713644783,0.005102341530449301,0.1959554196923663,-0.14971792467030198,1.0022677343386304,0.17905995916499984,2.206803589175167,10.875400324492816,0
8.010991559552993,68.43074733392753,595.9071885325186,13339.621364990282,1023303813823.5052,1.4648358351000252,0.8279193767776549,546458.3337770171,605527.6874840489,-2.7958116592407314,6.00949099270499,9.736523670108037,85.54979607727834,571.6564401470745,14844.490420112523,7.326539973257921e-06,1.7996863566948789,1.8521844959012101,0.001321895934887097,0.0022554651380000007,-1.973145160885637,2.754685442000651,13.480783745455634,63.57965432016182,43.21117203616024,7717.685078722069,0.0005793013738988411,0.1069695837045643,-1.037785165341903,1.0060466349556936,0.042755971263000014,1.3426439939332449,3.971136175302236,0
7.239769156706248,73.9901721687868,761.1528453937626,17734.18838318165,2520754938701.8228,2.801535360945735,7.126253713975167,126708.42253510389,604645.1101491452,1.4619832778757158,0.14088458690721684,7.496889346534317,79.11840121999387,804.7895142875572,17875.194666485495,1.5341818467665842e-05,2.8224385604493025,7.189668748705065,0.0003126660980645161,0.0016175301500000003,1.4688815982141303,0.17386884915001888,17.170655561381086,67.17569262717926,-235.89420935071908,10134.640396452805,0.0010344044695600593,0.09363721321466242,-1.290137748886725,1.00100735784479,0.07781570125000026,0.1943012109358916,11.299764679728932,0
7.125700733809023,76.35090913909357,780.7403545720115,18339.491249504714,3803072617547.345,3.7515917725922185,14.320986746166657,204887.57368614676,605606.498335958,0.6986164474938874,-1.5634518444406516,9.677561686989112,90.7060686672159,514.7533717092001,15209.20131775727,2.4836315673875183e-05,3.5316796016563505,12.620126315120547,0.0005117017435,0.003954161998,1.6131468623976832,3.0154152323712027,15.69912808388464,68.19582868776243,-42.00163996930159,9022.001099868456,0.002202553628141677,-0.1948369608469191,-1.0201796462791248,1.0040092193011616,0.12547723046799997,-0.6769928216574873,17.836741803319946,0
6.558767468968125,73.637851351191,817.3100263403846,18946.45755889391,4750797468153.524,4.180617559827817,17.92702378054846,302462.3664491456,605637.3468303462,1.5513944400375018e-06,-2.0677944190602897,7.072202573403508,75.70564963483288,801.8300192471029,17647.209938961976,2.5802586370006713e-05,4.423401541560079,19.64140147500133,0.000689879106903226,0.0016085917530000002,0.14315070568825777,-2.0316008645748918,14.494287705549038,73.7275021042361,81.32869240138895,10224.570695648896,0.00030826278971740693,0.4182369570981296,-0.2852450361988894,1.0046344156523868,0.02235547961700024,0.19890304424480926,-0.08414956345859537,0
5.58303992027232,41.425705694651185,298.4094106017888,5195.353171168319,1816892493749.9705,2.3470841286729436,4.5680101659255055,126031.60446713613,605394.4420216057,1.4831263323701163,0.20650212353943243,5.698019042068779,40.6409434247333,292.7471633843295,3883.690514018675,8.813553163532864e-06,1.9250623898586816,2.619718217202082,0.0002496853203125,0.001606329646,1.8525951132439415,1.5036500737580623,10.399521737313421,38.655255381724366,54.738884824941785,2437.340055213278,0.00017419635747176177,0.9883491353745059,0.9178022491498186,1.0006169761849792,0.020778465145000258,0.4985071411505475,2.7085607795590674,0
6.932930279742118,68.49729228407536,638.2923612591629,14616.019312993067,4432382230850.148,4.4351296929764406,19.61211337591174,292760.3008863168,605705.5027591162,0.0661629246155986,-2.0632707539888484,7.101535731979036,77.13690044807103,797.6637689223213,17534.078145719897,2.5131180763652802e-05,4.155955567422212,17.858324134466546,0.0006029357529838711,0.001735052536,0.43004583984290506,-1.8443457481207635,14.767228001427483,70.06736046893731,15.28117725067727,8634.320312057858,0.00043148002065657355,1.1905809233331706,1.4722988942953688,0.9988070028940643,0.031519718057000046,-0.14113031762597286,1.8339479243123056,0
7.126740917482061,76.3034219026648,779.345688105091,18303.90205533485,3802851226568.004,3.7511580398954374,14.317262865315406,400064.87419397465,605600.045970051,-0.6986117700347108,-1.5634558179950033,6.833503715558714,71.03360670802752,724.4612791136498,15537.853638125709,2.7847551418739035e-05,4.2923145929690385,18.948579501742405,0.0009058926390645161,0.0017162798579999998,-0.32598574777497397,-1.944880671247119,14.433305741666326,72.01118130671215,7.212376489628734,9770.749736656475,0.0004307362676121212,1.5010987614600702,2.9866696294444095,1.0038652170426614,0.03039363321099986,0.33119448065808177,0.6983865193898828,0
6.642608568509787,68.8989572545243,709.9467629118434,15933.069527466738,4177385946052.7563,4.257722389588597,18.65935029498972,253504.29258648588,605039.0057165164,0.3350221861961476,-1.9518111841543584,8.457793288357381,88.09419012018101,760.4564607563166,18671.440935989653,2.0776209099522316e-05,4.065727442782603,17.106913136012754,0.000535928481532258,0.0020931737530000003,0.6166219713396512,-1.5330393398866597,15.142890192206002,62.07353002975013,21.08364994917715,8464.038406635738,0.000345962230596247,0.6601287987211858,-0.05297722192755128,1.0013760478818712,0.030879278247999853,0.739392609871681,4.482058548048451,0
6.942939923264433,69.15072053210403,690.0355830163421,15494.426578734769,2725747096862.732,2.935499550378016,8.015219477993002,136535.7166947548,605617.291583014,1.344327187359183,-0.20030134829424684,7.249506688990073,70.74365780519963,684.2508007326717,14551.802145860582,1.4765811776480668e-05,2.6346096193533866,6.153153076897484,0.0002948304768387097,0.0016520962410000002,1.597063831771614,0.5806655693209923,17.085100366342342,69.62062338788019,-151.8831991359238,9468.230972826099,0.00033315807400042125,-0.11295172900918661,-0.4100553281956536,1.0034680527501125,0.07004633994900022,-4.275134232097159,32.196662361042286,0
15.177403959632548,84.88834369530814,-66.6801112349277,13529.926236053852,1502928.6356679862,1.1619001766349464,1.2384384921935974,604464.2002741556,1112.1530176186934,-0.06169322030912704,-0.8659994167594451,14.407251110709353,71.34233710878873,15.029006013892449,7809.150248830237,3.5330908710009807e-07,-0.24678253221637794,0.17244884543288785,0.0014830201993225806,0.002253350968,-3.904306751188137,31.338120647554277,13.927209077435027,78.43124940615876,84.98272468530219,11221.020266340032,0.001276232291741605,-0.35572792513150087,-0.811067602611331,1.0000454375202739,0.13217784162300028,-3.195447949646522,30.439357218650088,0
7.016762893125229,73.67290941738818,772.2549721740601,17910.00492695191,3211298436318.2476,3.347478730795081,10.930575689855273,438879.34909669025,605758.4566622134,-1.0376122096705982,-0.9552432911776205,8.136045644693162,83.33689975989996,748.9325970643857,17747.401805646226,1.9475799649706317e-05,3.541984776562453,12.597629223224382,0.0010228881567741937,0.001906283285,-0.784834900655381,-1.318940792638409,16.933870789861196,76.33010030911122,-180.09021204408725,11773.985137040927,0.0006836146517856793,0.6059601267647504,-0.23642864153157506,1.0061586448419837,0.05629477311099995,-1.2183835856133038,9.386015140493235,0
6.80516312991403,68.8503755355487,680.2518187433375,15378.862955344572,3667769215882.239,3.6610326696622706,13.491100932479075,409380.92683916946,605072.7228587269,-0.778020780121058,-1.4422883711812804,8.860869411635237,95.68096362918523,814.2774148367945,20283.800758725636,2.2511634070490027e-05,3.667064647421741,14.045843299073049,0.0009362199047903229,0.0021315327979999996,-0.32496405373505394,-1.7310113228650763,16.54179228033599,72.1803723381864,-205.24363587517945,10583.454750842437,0.000401171841736063,0.6037825361774257,-0.6838630726050279,1.0051083835109031,0.05085874884000008,-2.5698889588169265,14.23103779477823,0
6.972485411643211,73.65381782252958,776.426710940173,18034.414675222662,3496571245115.15,3.584544567367149,12.78391790079605,185167.82181208488,605001.6339311382,0.86061830597927,-1.3024278540319334,6.849230573648806,71.67904606231869,742.8559399994275,15823.949073041425,2.1301605138330617e-05,3.4349960751631503,11.661468682186415,0.00043962950262903223,0.0016709930510000002,0.9592692059829212,-1.09726750879461,15.57496578106832,79.47843364915246,-89.78035577681713,11352.54166198751,0.0022001622770008613,0.4005639120836155,-0.9250926680349485,1.0063852574145646,0.13886510140399977,1.671375390875422,18.786072512911463,0
7.101154025321812,69.19537632629545,674.2739887678351,15174.167889905668,2348989344477.9595,2.6323599625976017,6.127615198072045,487626.0130783262,605570.979706431,-1.5900682015897052,0.544854908517804,11.718706269818222,101.47678545926993,430.72325620862506,17907.041831438117,1.4950012338728522e-05,2.660064565663475,7.137652040516555,0.0011793962098387094,0.004683297469,0.7972453449787221,5.811836872858358,15.148443356694292,64.86359607309761,-11.189560222423479,8135.934749012723,0.0002040438892822625,-0.13321565315973558,-0.736408206636344,1.0015421670738711,0.03369158401599992,-3.5980303263859645,17.01253769054892,0
6.940551290068659,68.61207231371417,639.1575738452339,14644.574871918012,4425591130156.6455,4.435602012687442,19.6150788934087,292562.3246620299,605614.2483394025,0.06616440150934044,-2.063268462182463,7.145885332079443,78.2208463744871,808.4066946274502,17800.192420346513,2.760495203595738e-05,4.353852962288517,19.34142335935322,0.0006740193098225808,0.0017248040539999997,0.27587563687943484,-1.976182111114903,17.369355212351085,67.41689110742703,-143.95064745815867,8825.98578153425,0.00015797704383870413,-0.10058130248858517,-0.7005979613727069,1.0047728637655484,0.034141299048999874,2.253503286028778,13.335999927090063,0
6.804111418772781,68.8491276113798,680.3268537381155,15377.939918833697,3669219904238.8276,3.6608480808549375,13.489594173584262,194975.3468577474,605074.1048577719,0.7780246588131671,-1.4422835980808488,7.110743474008115,72.00178514307026,694.9171989116528,14757.37182011328,2.096158401910536e-05,3.4544305043875436,11.842710060034769,0.0004414913508870968,0.0018594427970000003,0.9678090720371083,-1.061624871552047,15.910962345826114,79.25969322503964,-116.78297839506605,10981.542904292583,0.0010422265860487352,0.42560321828290704,-0.9718903029944905,0.9990208047501289,0.06758566479600014,1.2694577134789997,9.935434062654506,0
6.631686914044347,60.56810851425365,548.3651434670952,11546.227002423935,2336483579967.408,2.6454903547288984,6.214775550824536,125947.13450615609,609300.9680251997,1.4858432860061777,0.21390132172208842,7.228207672080288,67.72979455754724,640.9456172997035,13031.68770729863,1.0948988447472053e-05,2.1478371134676775,3.5082753180370654,0.00023985560893103442,0.0015958672909999999,1.9580196286693918,1.902607232921762,15.121199097801796,63.11632469292072,-153.07563970259793,7315.304542243715,0.00010315755126045802,0.9049102135336645,0.04618502584746986,1.0040950341114137,0.01793392113499992,-1.0809496957051998,6.346527507922836,0
6.974978718896873,73.67584694451892,776.2689403711167,18032.085122464796,3546965156761.4165,3.583977061587416,12.777970466659406,422106.8108572716,609346.7008192254,-0.8606135764498902,-1.3024342077856752,9.205973032320804,93.38824029836768,675.3103833096844,17994.62004795591,2.1832102036180022e-05,3.7803333902105845,14.715275575641058,0.000982650621870968,0.0029505649460000003,-0.2991156248699574,-0.9625700119662683,14.014818634557555,72.42856790561693,-29.28313198912913,9779.834601097942,9.412541562209773e-05,0.005608587860577393,-0.9942429342634878,1.0054568223039675,0.017970968436000212,1.3509751307498168,5.762219374038542,0
6.869908248875254,73.28218282334555,777.1389745084715,18006.664386009135,3992249529999.9126,4.003228146057747,16.46355382213608,382882.9180057345,609485.8064599013,-0.5475586547906998,-1.7579718114186713,9.777891469705832,91.44570597255229,522.3087176791787,15274.538346436757,2.357323394539758e-05,4.273602437935585,19.04421254137502,0.0008860692236129032,0.003702915593,0.3948616629683268,0.49290282391504636,14.10729628469099,84.47569799708106,89.22034173512476,12363.553323044725,0.0005417539151416624,1.152086571487613,1.775166130524486,1.007180798659516,0.05282659180799998,1.9735640967567472,10.427699267567647,0
